macula_lemma	abbott_lemma	abbott_xml_id	strongs	matched
Αἰγύπτιος				False
Αἰθίοψ				False
Αἰνέας				False
Αἰνών				False
Αἴγυπτος				False
Αὐγοῦστος				False
Βάαλ				False
Βέροια				False
Βαβυλών				False
Βαλάκ				False
Βαλαάμ				False
Βαράκ				False
Βαραββᾶς				False
Βαραχίας				False
Βαρθολομαῖος				False
Βαριησοῦς				False
Βαριωνᾶ				False
Βαρναβᾶς				False
Βαρσαββᾶς				False
Βαρτιμαῖος				False
Βεελζεβούλ				False
Βελιάρ				False
Βενιαμίν				False
Βερνίκη				False
Βεροιαῖος				False
Βηθανία				False
Βηθεσδά				False
Βηθλέεμ				False
Βηθσαϊδά				False
Βηθσαϊδάν				False
Βηθφαγή				False
Βιθυνία				False
Βλάστος				False
Βοανηργές				False
Βοσόρ				False
Βόες				False
Βόος				False
Γάδ				False
Γάϊος				False
Γαββαθα				False
Γαβριήλ				False
Γαδαρηνός				False
Γαλάτης				False
Γαλατία				False
Γαλατικός				False
Γαλιλαία				False
Γαλιλαῖος				False
Γαλλίων				False
Γαμαλιήλ				False
Γεδεών				False
Γεθσημανί				False
Γεννησαρέτ				False
Γερασηνός				False
Γολγοθᾶ				False
Γόμορρα				False
Γώγ				False
Δάμαρις				False
Δέρβη				False
Δίδυμος				False
Δαλμανουθά				False
Δαλματία				False
Δαμασκηνός				False
Δαμασκός				False
Δανιήλ				False
Δαυίδ				False
Δεκάπολις				False
Δερβαῖος				False
Δημήτριος				False
Δημᾶς				False
Διάβολος				False
Διονύσιος				False
Διοτρέφης				False
Διόσκουροι				False
Δορκάς				False
Δρούσιλλα				False
Εὐνίκη				False
Εὐοδία				False
Εὐφράτης				False
Εὔβουλος				False
Εὔτυχος				False
Εὕα				False
Ζάρα				False
Ζαβουλών				False
Ζακχαῖος				False
Ζαχαρίας				False
Ζεβεδαῖος				False
Ζεύς				False
Ζηλωτής				False
Ζηνᾶς				False
Ζοροβαβέλ				False
Θάλασσα				False
Θάρα				False
Θαδδαῖος				False
Θαμάρ				False
Θεσσαλονίκη				False
Θεσσαλονικεύς				False
Θευδᾶς				False
Θεόφιλος				False
Θυάτειρα				False
Θωμᾶς				False
Κάρπος				False
Κάϊν				False
Κίς				False
Καισάρεια				False
Καλός				False
Κανά				False
Καναναῖος				False
Κανδάκη				False
Καππαδοκία				False
Καφαρναούμ				False
Καϊάφας				False
Καϊνάμ				False
Καῖσαρ				False
Καῦδα				False
Κεγχρεαί				False
Κεδρών				False
Κηφᾶς				False
Κιλικία				False
Κλήμης				False
Κλαυδία				False
Κλαύδιος				False
Κλεοπᾶς				False
Κλωπᾶς				False
Κνίδος				False
Κολοσσαί				False
Κορίνθιος				False
Κορβᾶν				False
Κορνήλιος				False
Κούαρτος				False
Κρής				False
Κρήσκης				False
Κρήτη				False
Κρίσπος				False
Κυρήνη				False
Κυρήνιος				False
Κυρηναῖος				False
Κωσάμ				False
Κόρε				False
Κόρινθος				False
Κύπριος				False
Κύπρος				False
Κώς				False
Λάζαρος				False
Λάμεχ				False
Λίνος				False
Λαοδίκεια				False
Λαοδικεύς				False
Λασαία				False
Λευί				False
Λευίς				False
Λευίτης				False
Λευιτικός				False
Λιβερτῖνος				False
Λιβύη				False
Λιμήν				False
Λουκᾶς				False
Λούκιος				False
Λυδία				False
Λυκία				False
Λυκαονία				False
Λυκαονιστί				False
Λυσίας				False
Λυσανίας				False
Λωΐς				False
Λύδδα				False
Λύστρα				False
Λώτ				False
Μάαθ				False
Μάλχος				False
Μάρθα				False
Μίλητος				False
Μαγαδάν				False
Μαγδαληνή				False
Μαγώγ				False
Μαδιάμ				False
Μαθθάτ				False
Μαθθίας				False
Μαθθαῖος				False
Μαθουσαλά				False
Μακεδονία				False
Μακεδών				False
Μαλελεήλ				False
Μαναήν				False
Μανασσῆς				False
Μαρία				False
Μαριάμ				False
Ματθάν				False
Ματταθά				False
Ματταθίας				False
Μελίτη				False
Μελεά				False
Μελχί				False
Μελχισέδεκ				False
Μεννά				False
Μεσοποταμία				False
Μεσσίας				False
Μιτυλήνη				False
Μιχαήλ				False
Μνάσων				False
Μολόχ				False
Μυσία				False
Μωϋσῆς				False
Μύρα				False
Μᾶρκος				False
Μῆδος				False
Νάρκισσος				False
Νέα				False
Νίγερ				False
Ναΐν				False
Ναασσών				False
Ναγγαί				False
Ναζαρά				False
Ναζαρέθ				False
Ναζαρέτ				False
Ναζαρηνός				False
Ναζωραῖος				False
Ναθάμ				False
Ναθαναήλ				False
Ναιμάν				False
Ναούμ				False
Ναχώρ				False
Νεφθαλίμ				False
Νηρί				False
Νηρεύς				False
Νικάνωρ				False
Νικολαΐτης				False
Νικόδημος				False
Νικόλαος				False
Νικόπολις				False
Νινευίτης				False
Νύμφας				False
Νῶε				False
Οὐρίας				False
Οὐρβανός				False
Πάγος				False
Πάρθος				False
Πάταρα				False
Πάτμος				False
Πάφος				False
Πέργαμος				False
Πέργη				False
Πέτρος				False
Παμφυλία				False
Παρμενᾶς				False
Πατροβᾶς				False
Παῦλος				False
Περσίς				False
Πιλᾶτος				False
Πισιδία				False
Ποντικός				False
Ποτίολοι				False
Πούδης				False
Πρίσκα				False
Πρίσκιλλα				False
Πρόχορος				False
Πτολεμαΐς				False
Πόλις				False
Πόντιος				False
Πόντος				False
Πόπλιος				False
Πόρκιος				False
Πύρρος				False
Σάμος				False
Σάπφιρα				False
Σάρδεις				False
Σάρεπτα				False
Σάρρα				False
Σέργιος				False
Σήθ				False
Σήμ				False
Σίλας				False
Σίμων				False
Σαβαώθ				False
Σαδδουκαῖος				False
Σαδώκ				False
Σαλά				False
Σαλήμ				False
Σαλαθιήλ				False
Σαλαμίς				False
Σαλείμ				False
Σαλμών				False
Σαλμώνη				False
Σαλώμη				False
Σαμάρεια				False
Σαμαρίτης				False
Σαμαρῖτις				False
Σαμοθρᾴκη				False
Σαμουήλ				False
Σαμψών				False
Σαούλ				False
Σαρών				False
Σατανᾶς				False
Σαῦλος				False
Σεβαστός				False
Σεκοῦνδος				False
Σελεύκεια				False
Σεμεΐν				False
Σερούχ				False
Σιδών				False
Σιδώνιος				False
Σιλουανός				False
Σιλωάμ				False
Σιλᾶς				False
Σινᾶ				False
Σιών				False
Σκευᾶς				False
Σκύθης				False
Σμύρνα				False
Σολομών				False
Σολομῶν				False
Σουσάννα				False
Σπανία				False
Στάχυς				False
Στέφανος				False
Στεφανᾶς				False
Στοά				False
Στοϊκός				False
Συμεών				False
Συντύχη				False
Συράκουσαι				False
Συρία				False
Συροφοινίκισσα				False
Συχάρ				False
Συχέμ				False
Σωσίπατρος				False
Σωσθένης				False
Σόδομα				False
Σύρος				False
Σύρτις				False
Σώπατρος				False
Τέρτιος				False
Τέρτυλλος				False
Τίμων				False
Τίτιος				False
Τίτος				False
Ταβέρνη				False
Ταβιθά				False
Ταρσεύς				False
Ταρσός				False
Τιβέριος				False
Τιβεριάς				False
Τιμαῖος				False
Τιμόθεος				False
Τραχωνῖτις				False
Τρεῖς				False
Τρυφῶσα				False
Τρόφιμος				False
Τρύφαινα				False
Τρῳάς				False
Τυχικός				False
Τύραννος				False
Τύριος				False
Τύρος				False
Φάλεκ				False
Φίλητος				False
Φίλιπποι				False
Φίλιππος				False
Φανουήλ				False
Φαρές				False
Φαραώ				False
Φαρισαῖος				False
Φιλήμων				False
Φιλαδέλφεια				False
Φιλιππήσιος				False
Φιλόλογος				False
Φλέγων				False
Φοίβη				False
Φοινίκη				False
Φορτουνᾶτος				False
Φοῖνιξ				False
Φρυγία				False
Φόρον				False
Φύγελος				False
Φῆλιξ				False
Φῆστος				False
Χίος				False
Χαλδαῖος				False
Χανάαν				False
Χαναναῖος				False
Χαρράν				False
Χερούβ				False
Χλόη				False
Χοραζίν				False
Χουζᾶς				False
Χριστιανός				False
Χριστός				False
αββα				False
αἰγιαλός				False
αἰδώς				False
αἰνέω				False
αἰσθάνομαι				False
αἰσθητήριον				False
αἰσχροκερδής				False
αἰσχροκερδῶς				False
αἰσχρολογία				False
αἰσχρός				False
αἰσχρότης				False
αἰσχύνη				False
αἰσχύνομαι				False
αἰτέω				False
αἰτία				False
αἰτίωμα				False
αἰφνίδιος				False
αἰχμάλωτος				False
αἰχμαλωσία				False
αἰχμαλωτίζω				False
αἰχμαλωτεύω				False
αἰών				False
αἰώνιος				False
αἱματεκχυσία				False
αἱμορροέω				False
αἱρέομαι				False
αἱρετίζω				False
αἱρετικός				False
αἴγειος				False
αἴνεσις				False
αἴνιγμα				False
αἴρω				False
αἴσθησις				False
αἴτημα				False
αἴτιον				False
αἴτιος				False
αἵρεσις				False
αἶνος				False
αἷμα				False
αὐγάζω				False
αὐγή				False
αὐθάδης				False
αὐθαίρετος				False
αὐθεντέω				False
αὐλέω				False
αὐλή				False
αὐλίζομαι				False
αὐλητής				False
αὐλός				False
αὐξάνω				False
αὐστηρός				False
αὐτάρκεια				False
αὐτάρκης				False
αὐτοκατάκριτος				False
αὐτοῦ				False
αὐτόματος				False
αὐτόπτης				False
αὐτός				False
αὐτόφωρος				False
αὐτόχειρ				False
αὐχέω				False
αὐχμηρός				False
αὔξησις				False
αὔξω				False
αὔριον				False
βάθος				False
βάλλω				False
βάπτισμα				False
βάπτω				False
βάρβαρος				False
βάρος				False
βάσανος				False
βάσις				False
βάτος				False
βάτραχος				False
βάϊον				False
βέβαιος				False
βέβηλος				False
βέλος				False
βέλτιον				False
βήρυλλος				False
βία				False
βίαιος				False
βίβλος				False
βίος				False
βίωσις				False
βαθμός				False
βαθύνω				False
βαθύς				False
βαλλάντιον				False
βαπτίζω				False
βαπτισμός				False
βαπτιστής				False
βαρέω				False
βαρέως				False
βαρύς				False
βαρύτιμος				False
βασίλειον				False
βασίλειος				False
βασίλισσα				False
βασανίζω				False
βασανισμός				False
βασανιστής				False
βασιλεία				False
βασιλεύς				False
βασιλεύω				False
βασιλικός				False
βασκαίνω				False
βαστάζω				False
βατταλογέω				False
βδέλυγμα				False
βδελυκτός				False
βδελύσσομαι				False
βεβαίωσις				False
βεβαιόω				False
βεβηλόω				False
βελόνη				False
βιάζω				False
βιαστής				False
βιβλίον				False
βιβλαρίδιον				False
βιβρώσκω				False
βιωτικός				False
βιόω				False
βλάπτω				False
βλάσφημος				False
βλέμμα				False
βλέπω				False
βλαβερός				False
βλαστάνω				False
βλασφημέω				False
βλασφημία				False
βλητέος				False
βοάω				False
βοή				False
βοήθεια				False
βοηθέω				False
βοηθός				False
βολή				False
βολίζω				False
βορρᾶς				False
βοτάνη				False
βουλή				False
βουλευτής				False
βουλεύομαι				False
βουνός				False
βούλημα				False
βούλομαι				False
βοῦς				False
βρέφος				False
βρέχω				False
βραβεύω				False
βραβεῖον				False
βραδυπλοέω				False
βραδύνω				False
βραδύς				False
βραδύτης				False
βραχίων				False
βραχύ				False
βραχύς				False
βροντή				False
βροχή				False
βρυγμός				False
βρόχος				False
βρύχω				False
βρύω				False
βρώσιμος				False
βρῶμα				False
βρῶσις				False
βυθίζω				False
βυθός				False
βυρσεύς				False
βωμός				False
βόθυνος				False
βόρβορος				False
βόσκω				False
βότρυς				False
βύσσινος				False
βύσσος				False
βῆμα				False
γάγγραινα				False
γάζα				False
γάλα				False
γάμος				False
γάρ				False
γέ				False
γέεννα				False
γέλως				False
γέμω				False
γένεσις				False
γένημα				False
γέννημα				False
γένος				False
γέρων				False
γίνομαι				False
γαζοφυλάκιον				False
γαλήνη				False
γαμέω				False
γαμίζω				False
γαμίσκω				False
γαστήρ				False
γείτων				False
γελάω				False
γεμίζω				False
γενέσια				False
γενεά				False
γενεαλογέομαι				False
γενεαλογία				False
γενετή				False
γεννάω				False
γεννητός				False
γερουσία				False
γεωργέω				False
γεωργός				False
γεύομαι				False
γεώργιον				False
γηράσκω				False
γινώσκω				False
γλεῦκος				False
γλυκύς				False
γλωσσόκομον				False
γλῶσσα				False
γνήσιος				False
γναφεύς				False
γνησίως				False
γνωρίζω				False
γνωστός				False
γνόφος				False
γνώμη				False
γνώστης				False
γνῶσις				False
γογγυσμός				False
γογγυστής				False
γογγύζω				False
γονεύς				False
γονυπετέω				False
γράμμα				False
γράφω				False
γραμματεύς				False
γραπτός				False
γραφή				False
γραώδης				False
γρηγορέω				False
γυμνάζω				False
γυμνασία				False
γυμνιτεύω				False
γυμνός				False
γυμνότης				False
γυνή				False
γυναικάριον				False
γυναικεῖος				False
γωνία				False
γόης				False
γόμος				False
γόνυ				False
γῆ				False
γῆρας				False
δάκνω				False
δάκρυον				False
δάκτυλος				False
δάμαλις				False
δάνειον				False
δέ				False
δέησις				False
δέκα				False
δέκατος				False
δένδρον				False
δέομαι				False
δέος				False
δέρμα				False
δέρω				False
δέσμη				False
δέσμιος				False
δέχομαι				False
δέω				False
δή				False
δήπου				False
δίδραχμον				False
δίδωμι				False
δίκαιος				False
δίκη				False
δίκτυον				False
δίλογος				False
δίς				False
δίστομος				False
δίψος				False
δίψυχος				False
δαίμων				False
δαιμονίζομαι				False
δαιμονιώδης				False
δαιμόνιον				False
δακρύω				False
δακτύλιος				False
δαμάζω				False
δανείζω				False
δανιστής				False
δαπάνη				False
δαπανάω				False
δείκνυμι				False
δειγματίζω				False
δειλία				False
δειλιάω				False
δειλός				False
δεινῶς				False
δειπνέω				False
δεισιδαίμων				False
δεισιδαιμονία				False
δεκάτη				False
δεκαοκτώ				False
δεκαπέντε				False
δεκατέσσαρες				False
δεκατόω				False
δεκτός				False
δελεάζω				False
δεξιολάβος				False
δεξιός				False
δερμάτινος				False
δεσμεύω				False
δεσμοφύλαξ				False
δεσμωτήριον				False
δεσμόν				False
δεσμός				False
δεσμώτης				False
δεσπότης				False
δευτεραῖος				False
δεύτερος				False
δεῖ				False
δεῖγμα				False
δεῖνα				False
δεῖπνον				False
δεῦρο				False
δεῦτε				False
δηλόω				False
δημηγορέω				False
δημιουργός				False
δημόσιος				False
δηνάριον				False
διΐστημι				False
διά				False
διάγνωσις				False
διάγω				False
διάδημα				False
διάδοχος				False
διάκονος				False
διάκρισις				False
διάλεκτος				False
διάνοια				False
διάστημα				False
διάταγμα				False
διάφορος				False
διέξοδος				False
διέρχομαι				False
διήγησις				False
διαίρεσις				False
διαβάλλω				False
διαβαίνω				False
διαβεβαιόομαι				False
διαβλέπω				False
διαγίνομαι				False
διαγγέλλω				False
διαγινώσκω				False
διαγογγύζω				False
διαγρηγορέω				False
διαδέχομαι				False
διαδίδωμι				False
διαζώννυμι				False
διαθήκη				False
διαιρέω				False
διακαθαίρω				False
διακαθαρίζω				False
διακατελέγχομαι				False
διακονέω				False
διακονία				False
διακούω				False
διακρίνω				False
διακωλύω				False
διακόσιοι				False
διαλέγομαι				False
διαλαλέω				False
διαλείπω				False
διαλλάσσομαι				False
διαλογίζομαι				False
διαλογισμός				False
διαλύω				False
διαμάχομαι				False
διαμένω				False
διαμαρτύρομαι				False
διαμερίζω				False
διαμερισμός				False
διανέμω				False
διανεύω				False
διανοίγω				False
διανυκτερεύω				False
διανόημα				False
διανύω				False
διαπαρατριβή				False
διαπεράω				False
διαπλέω				False
διαπονέομαι				False
διαπορέω				False
διαπορεύομαι				False
διαπρίομαι				False
διαπραγματεύομαι				False
διαρπάζω				False
διαρρήγνυμι				False
διασαφέω				False
διασείω				False
διασκορπίζω				False
διασπάω				False
διασπείρω				False
διασπορά				False
διαστέλλομαι				False
διαστολή				False
διαστρέφω				False
διασῴζω				False
διατάσσω				False
διατίθεμαι				False
διαταγή				False
διαταράσσω				False
διατελέω				False
διατηρέω				False
διατρίβω				False
διατροφή				False
διαυγάζω				False
διαυγής				False
διαφέρω				False
διαφεύγω				False
διαφημίζω				False
διαφθείρω				False
διαφθορά				False
διαφυλάσσω				False
διαχειρίζομαι				False
διαχλευάζω				False
διαχωρίζομαι				False
διδάσκαλος				False
διδάσκω				False
διδακτικός				False
διδακτός				False
διδασκαλία				False
διδαχή				False
διεγείρω				False
διενθυμέομαι				False
διερμηνευτής				False
διερμηνεύω				False
διερωτάω				False
διετής				False
διετία				False
διηγέομαι				False
διηνεκής				False
διθάλασσος				False
δικαίωμα				False
δικαίως				False
δικαίωσις				False
δικαιοκρισία				False
δικαιοσύνη				False
δικαιόω				False
δικαστής				False
διοδεύω				False
διοπετής				False
διορύσσω				False
διπλοῦς				False
διπλόω				False
δισμυριάς				False
διστάζω				False
δισχίλιοι				False
διχάζω				False
διχοστασία				False
διχοτομέω				False
διψάω				False
διωγμός				False
διϊκνέομαι				False
διϊσχυρίζομαι				False
διϋλίζω				False
διό				False
διόπερ				False
διόρθωμα				False
διόρθωσις				False
διότι				False
διώκτης				False
διώκω				False
δογματίζομαι				False
δοκέω				False
δοκίμιον				False
δοκιμάζω				False
δοκιμή				False
δοκιμασία				False
δοκός				False
δολιόω				False
δολόω				False
δοξάζω				False
δουλαγωγέω				False
δουλεία				False
δουλεύω				False
δουλόω				False
δοχή				False
δούλη				False
δοῦλος				False
δράκων				False
δράσσομαι				False
δρέπανον				False
δραχμή				False
δρόμος				False
δυνάστης				False
δυναμόω				False
δυνατέω				False
δυνατός				False
δυσβάστακτος				False
δυσεντέριον				False
δυσερμήνευτος				False
δυσκόλως				False
δυσμή				False
δυσνόητος				False
δυσφημέω				False
δυσφημία				False
δωδέκατος				False
δωδεκάφυλον				False
δωρέομαι				False
δωρεά				False
δωρεάν				False
δόγμα				False
δόκιμος				False
δόλιος				False
δόλος				False
δόμα				False
δόξα				False
δόσις				False
δότης				False
δύναμαι				False
δύναμις				False
δύνω				False
δύο				False
δύσις				False
δύσκολος				False
δώδεκα				False
δώρημα				False
δῆλος				False
δῆμος				False
δῶμα				False
δῶρον				False
εφφαθα				False
εἰ				False
εἰδέα				False
εἰδωλεῖον				False
εἰδωλολάτρης				False
εἰδωλολατρία				False
εἰδωλόθυτον				False
εἰκών				False
εἰκῇ				False
εἰλικρίνεια				False
εἰλικρινής				False
εἰμί				False
εἰρήνη				False
εἰρηνεύω				False
εἰρηνικός				False
εἰρηνοποιέω				False
εἰρηνοποιός				False
εἰς				False
εἰσάγω				False
εἰσέρχομαι				False
εἰσακούω				False
εἰσδέχομαι				False
εἰσκαλέομαι				False
εἰσπηδάω				False
εἰσπορεύομαι				False
εἰστρέχω				False
εἰσφέρω				False
εἴδωλον				False
εἴκοσι(ν)				False
εἴκω				False
εἴπερ				False
εἴσειμι				False
εἴσοδος				False
εἴτε				False
εἴωθα				False
εἵνεκεν				False
εἶδος				False
εἶτα				False
εἷς				False
εὐάρεστος				False
εὐαγγέλιον				False
εὐαγγελίζω				False
εὐαγγελιστής				False
εὐαρέστως				False
εὐαρεστέω				False
εὐγενής				False
εὐδία				False
εὐδοκέω				False
εὐδοκία				False
εὐεργέτης				False
εὐεργεσία				False
εὐεργετέω				False
εὐθέως				False
εὐθυδρομέω				False
εὐθυμέω				False
εὐθύμως				False
εὐθύνω				False
εὐθύς				False
εὐθύτης				False
εὐκαίρως				False
εὐκαιρέω				False
εὐκαιρία				False
εὐκοπώτερος				False
εὐλάβεια				False
εὐλαβέομαι				False
εὐλαβής				False
εὐλογέω				False
εὐλογία				False
εὐλογητός				False
εὐμετάδοτος				False
εὐνοέω				False
εὐνουχίζω				False
εὐνοῦχος				False
εὐοδόομαι				False
εὐπάρεδρον				False
εὐπειθής				False
εὐπερίστατος				False
εὐποιΐα				False
εὐπορέομαι				False
εὐπορία				False
εὐπρέπεια				False
εὐπροσωπέω				False
εὐπρόσδεκτος				False
εὐρακύλων				False
εὐρύχωρος				False
εὐσέβεια				False
εὐσεβέω				False
εὐσεβής				False
εὐσεβῶς				False
εὐσχήμων				False
εὐσχημοσύνη				False
εὐσχημόνως				False
εὐτραπελία				False
εὐτόνως				False
εὐφημία				False
εὐφορέω				False
εὐφραίνω				False
εὐφροσύνη				False
εὐχάριστος				False
εὐχή				False
εὐχαριστέω				False
εὐχαριστία				False
εὐψυχέω				False
εὐωδία				False
εὐώνυμος				False
εὑρίσκω				False
εὔθετος				False
εὔθυμος				False
εὔκαιρος				False
εὔνοια				False
εὔσημος				False
εὔσπλαγχνος				False
εὔφημος				False
εὔχομαι				False
εὔχρηστος				False
εὖ				False
εὖγε				False
ζάω				False
ζέω				False
ζήτημα				False
ζήτησις				False
ζεστός				False
ζευκτηρία				False
ζεῦγος				False
ζηλεύω				False
ζηλόω				False
ζημία				False
ζημιόω				False
ζητέω				False
ζιζάνιον				False
ζυγός				False
ζυμόω				False
ζωή				False
ζωγρέω				False
ζόφος				False
ζύμη				False
ζώνη				False
ζώννυμι				False
ζῆλος				False
ζῳογονέω				False
ζῳοποιέω				False
ζῷον				False
θά				False
θάλπω				False
θάμβος				False
θάνατος				False
θάπτω				False
θάρσος				False
θέατρον				False
θέλημα				False
θέλησις				False
θέλω				False
θέρμη				False
θέρος				False
θήκη				False
θήρα				False
θαμβέομαι				False
θανάσιμον				False
θανατηφόρος				False
θανατόω				False
θαρρέω				False
θαρσέω				False
θαυμάζω				False
θαυμάσιος				False
θαυμαστός				False
θαῦμα				False
θεά				False
θεάομαι				False
θεατρίζω				False
θειότης				False
θειώδης				False
θεμέλιον				False
θεμέλιος				False
θεμελιόω				False
θεοδίδακτος				False
θεομάχος				False
θεοσέβεια				False
θεοσεβής				False
θεοστυγής				False
θεράπων				False
θερίζω				False
θεραπεία				False
θεραπεύω				False
θερισμός				False
θεριστής				False
θερμαίνομαι				False
θεωρέω				False
θεωρία				False
θεόπνευστος				False
θεός				False
θεότης				False
θεῖον				False
θεῖος				False
θηλάζω				False
θηρίον				False
θηρεύω				False
θηριομαχέω				False
θησαυρίζω				False
θησαυρός				False
θιγγάνω				False
θλίβω				False
θλῖψις				False
θνητός				False
θνῄσκω				False
θορυβάζω				False
θορυβέω				False
θρέμμα				False
θρίξ				False
θραύω				False
θρηνέω				False
θρησκεία				False
θρησκός				False
θριαμβεύω				False
θροέομαι				False
θρόμβος				False
θρόνος				False
θυγάτηρ				False
θυγάτριον				False
θυμίαμα				False
θυμιάω				False
θυμιατήριον				False
θυμομαχέω				False
θυμόομαι				False
θυμός				False
θυρίς				False
θυρεός				False
θυρωρός				False
θυσία				False
θυσιαστήριον				False
θόρυβος				False
θύελλα				False
θύρα				False
θύω				False
θύϊνος				False
θώραξ				False
θῆλυς				False
κάθημαι				False
κάκωσις				False
κάλαμος				False
κάλυμμα				False
κάμηλος				False
κάμινος				False
κάμνω				False
κάμπτω				False
κάρφος				False
κάτω				False
κέλευσμα				False
κέντρον				False
κέραμος				False
κέρας				False
κέρδος				False
κέρμα				False
κήρυγμα				False
κίνδυνος				False
κίχρημι				False
καί				False
καίπερ				False
καίτοι				False
καίτοιγε				False
καίω				False
καθά				False
καθάπερ				False
καθάπτω				False
καθέδρα				False
καθέζομαι				False
καθήκω				False
καθίζω				False
καθίημι				False
καθίστημι				False
καθαίρεσις				False
καθαίρω				False
καθαιρέω				False
καθαρίζω				False
καθαρισμός				False
καθαρός				False
καθαρότης				False
καθεξῆς				False
καθεύδω				False
καθηγητής				False
καθημερινός				False
καθοπλίζω				False
καθοράω				False
καθό				False
καθόλου				False
καθότι				False
καθώς				False
καθώσπερ				False
καινός				False
καινότης				False
καιρός				False
κακία				False
κακοήθεια				False
κακολογέω				False
κακοπαθέω				False
κακοπαθία				False
κακοποιέω				False
κακοποιός				False
κακουχέομαι				False
κακοῦργος				False
κακός				False
κακόω				False
κακῶς				False
καλάμη				False
καλέω				False
καλλιέλαιος				False
καλοδιδάσκαλος				False
καλοποιέω				False
καλύπτω				False
καλῶς				False
καμμύω				False
κανών				False
καπηλεύω				False
καπνός				False
καρδία				False
καρδιογνώστης				False
καρποφορέω				False
καρποφόρος				False
καρπός				False
καρτερέω				False
κατά				False
κατάβασις				False
κατάγνυμι				False
κατάγω				False
κατάδηλος				False
κατάθεμα				False
κατάκειμαι				False
κατάκριμα				False
κατάκρισις				False
κατάλαλος				False
κατάλοιπος				False
κατάλυμα				False
κατάνυξις				False
κατάπαυσις				False
κατάρα				False
κατάρτισις				False
κατάσκοπος				False
κατάστημα				False
κατάσχεσις				False
κατέναντι				False
κατέρχομαι				False
κατέχω				False
κατήγορος				False
κατήγωρ				False
κατήφεια				False
καταβάλλω				False
καταβαίνω				False
καταβαρέω				False
καταβαρύνομαι				False
καταβολή				False
καταβραβεύω				False
καταγγέλλω				False
καταγγελεύς				False
καταγελάω				False
καταγινώσκω				False
καταγωνίζομαι				False
καταδέω				False
καταδίκη				False
καταδικάζω				False
καταδιώκω				False
καταδουλόω				False
καταδυναστεύω				False
καταθεματίζω				False
καταισχύνω				False
κατακαίω				False
κατακαλύπτομαι				False
κατακαυχάομαι				False
κατακλάω				False
κατακλίνω				False
κατακλείω				False
κατακληρονομέω				False
κατακλυσμός				False
κατακλύζω				False
κατακολουθέω				False
κατακρίνω				False
κατακρημνίζω				False
κατακυριεύω				False
κατακόπτω				False
καταλέγω				False
καταλαλέω				False
καταλαλιά				False
καταλαμβάνω				False
καταλείπω				False
καταλιθάζω				False
καταλλάσσω				False
καταλλαγή				False
καταλύω				False
καταμένω				False
καταμανθάνω				False
καταμαρτυρέω				False
καταναλίσκω				False
καταναρκάω				False
κατανεύω				False
κατανοέω				False
καταντάω				False
κατανύσσομαι				False
καταξιόω				False
καταπέτασμα				False
καταπίνω				False
καταπίπτω				False
καταπατέω				False
καταπαύω				False
καταπλέω				False
καταπονέω				False
καταποντίζομαι				False
καταράομαι				False
καταργέω				False
καταριθμέω				False
καταρτίζω				False
καταρτισμός				False
κατασείω				False
κατασκάπτω				False
κατασκήνωσις				False
κατασκευάζω				False
κατασκηνόω				False
κατασκιάζω				False
κατασκοπέω				False
κατασοφίζομαι				False
καταστέλλω				False
καταστολή				False
καταστρέφω				False
καταστρηνιάω				False
καταστροφή				False
καταστρώννυμι				False
κατασφάζω				False
κατασφραγίζω				False
κατασύρω				False
κατατίθημι				False
κατατομή				False
κατατρέχω				False
καταφέρω				False
καταφεύγω				False
καταφθείρω				False
καταφιλέω				False
καταφρονέω				False
καταφρονητής				False
καταχέω				False
καταχθόνιος				False
καταχράομαι				False
καταψύχω				False
κατείδωλος				False
κατενώπιον				False
κατεξουσιάζω				False
κατεργάζομαι				False
κατεσθίω				False
κατευθύνω				False
κατευλογέω				False
κατεφίστημι				False
κατηγορέω				False
κατηγορία				False
κατηχέω				False
κατισχύω				False
κατιόομαι				False
κατοίκησις				False
κατοικέω				False
κατοικία				False
κατοικίζω				False
κατοικητήριον				False
κατοπτρίζομαι				False
κατωτέρω				False
κατώτερος				False
καυματίζω				False
καυστηριάζω				False
καυσόομαι				False
καυχάομαι				False
καύσων				False
καύχημα				False
καύχησις				False
καῦμα				False
καῦσις				False
κείρω				False
κειρία				False
κελεύω				False
κενοδοξία				False
κενοφωνία				False
κεντυρίων				False
κενόδοξος				False
κενός				False
κενόω				False
κενῶς				False
κεράμιον				False
κεράννυμι				False
κεράτιον				False
κεραία				False
κεραμεύς				False
κεραμικός				False
κερδαίνω				False
κερματιστής				False
κεφάλαιον				False
κεφαλή				False
κεφαλίς				False
κεφαλιόω				False
κεῖμαι				False
κημόω				False
κηπουρός				False
κηρύσσω				False
κιβωτός				False
κιθάρα				False
κιθαρίζω				False
κιθαρῳδός				False
κινέω				False
κινδυνεύω				False
κιννάμωμον				False
κλάδος				False
κλάσις				False
κλάσμα				False
κλάω				False
κλέμμα				False
κλέος				False
κλέπτης				False
κλέπτω				False
κλίβανος				False
κλίμα				False
κλίνη				False
κλίνω				False
κλαίω				False
κλαυθμός				False
κλείς				False
κλείω				False
κληρονομέω				False
κληρονομία				False
κληρονόμος				False
κληρόω				False
κλητός				False
κλινάριον				False
κλινίδιον				False
κλισία				False
κλοπή				False
κλυδωνίζομαι				False
κλύδων				False
κλῆμα				False
κλῆρος				False
κλῆσις				False
κνήθομαι				False
κοίμησις				False
κοίτη				False
κοδράντης				False
κοιλία				False
κοιμάομαι				False
κοινωνέω				False
κοινωνία				False
κοινωνικός				False
κοινωνός				False
κοινός				False
κοινόω				False
κοιτών				False
κολάζω				False
κολακεία				False
κολαφίζω				False
κολλάομαι				False
κολλούριον				False
κολλυβιστής				False
κολοβόω				False
κολυμβάω				False
κολυμβήθρα				False
κολωνία				False
κομάω				False
κομίζω				False
κομψότερον				False
κονιάω				False
κονιορτός				False
κοπάζω				False
κοπή				False
κοπετός				False
κοπιάω				False
κοπρία				False
κοράσιον				False
κορέννυμι				False
κορβανᾶς				False
κοσμέω				False
κοσμικός				False
κοσμοκράτωρ				False
κουμ				False
κουστωδία				False
κουφίζω				False
κράβαττος				False
κράζω				False
κράσπεδον				False
κράτιστος				False
κράτος				False
κρέας				False
κρίθινος				False
κρίμα				False
κρίνον				False
κρίνω				False
κρίσις				False
κραιπάλη				False
κρανίον				False
κρατέω				False
κραταιόομαι				False
κραταιός				False
κραυγάζω				False
κραυγή				False
κρείττων				False
κρεμάννυμι				False
κρημνός				False
κριθή				False
κριτήριον				False
κριτής				False
κριτικός				False
κρούω				False
κρυπτός				False
κρυσταλλίζω				False
κρυφαῖος				False
κρυφῇ				False
κρύπτη				False
κρύπτω				False
κρύσταλλος				False
κτάομαι				False
κτήτωρ				False
κτίζω				False
κτίσις				False
κτίσμα				False
κτίστης				False
κτῆμα				False
κτῆνος				False
κυβέρνησις				False
κυβεία				False
κυβερνήτης				False
κυκλεύω				False
κυκλόθεν				False
κυκλόω				False
κυλίομαι				False
κυλισμός				False
κυλλός				False
κυνάριον				False
κυρία				False
κυριακός				False
κυριεύω				False
κυριότης				False
κυρόω				False
κωλύω				False
κωμόπολις				False
κωφός				False
κόκκινος				False
κόκκος				False
κόλασις				False
κόλπος				False
κόμη				False
κόπος				False
κόπριον				False
κόπτω				False
κόραξ				False
κόρος				False
κόσμιος				False
κόσμος				False
κόφινος				False
κύκλῳ				False
κύμβαλον				False
κύμινον				False
κύπτω				False
κύριος				False
κύων				False
κώμη				False
κώνωψ				False
κἀγώ				False
κἀκεῖ				False
κἀκεῖθεν				False
κἀκεῖνος				False
κἄν				False
κῆνσος				False
κῆπος				False
κῆρυξ				False
κῆτος				False
κῦμα				False
κῶλον				False
κῶμος				False
λάθρᾳ				False
λάμπω				False
λάρυγξ				False
λάχανον				False
λέγω				False
λέντιον				False
λέπρα				False
λέων				False
λήθη				False
λίαν				False
λίβανος				False
λίθινος				False
λίθος				False
λίμνη				False
λίνον				False
λίτρα				False
λίψ				False
λαγχάνω				False
λακάω				False
λακτίζω				False
λαλέω				False
λαλιά				False
λαμβάνω				False
λαμπάς				False
λαμπρός				False
λαμπρότης				False
λαμπρῶς				False
λανθάνω				False
λαξευτός				False
λατομέω				False
λατρεία				False
λατρεύω				False
λαός				False
λαῖλαψ				False
λείπω				False
λεγιών				False
λειτουργέω				False
λειτουργία				False
λειτουργικός				False
λειτουργός				False
λεμά				False
λεπίς				False
λεπρός				False
λεπτόν				False
λευκαίνω				False
λευκός				False
λεῖμμα				False
λεῖος				False
ληνός				False
λιβανωτός				False
λιθάζω				False
λιθοβολέω				False
λιθόστρωτος				False
λικμάω				False
λιμός				False
λιπαρός				False
λοίδορος				False
λογίζομαι				False
λογεία				False
λογικός				False
λογισμός				False
λογομαχέω				False
λογομαχία				False
λοιδορέω				False
λοιδορία				False
λοιμός				False
λοιπός				False
λουτρόν				False
λούω				False
λυμαίνομαι				False
λυπέω				False
λυσιτελεῖ				False
λυτρωτής				False
λυτρόομαι				False
λυχνία				False
λόγιον				False
λόγιος				False
λόγος				False
λόγχη				False
λύκος				False
λύπη				False
λύσις				False
λύτρον				False
λύτρωσις				False
λύχνος				False
λύω				False
λῃστής				False
λῆμψις				False
λῆρος				False
μάγος				False
μάκελλον				False
μάλιστα				False
μάμμη				False
μάννα				False
μάρμαρος				False
μάρτυς				False
μάστιξ				False
μάταιος				False
μάτην				False
μάχαιρα				False
μάχη				False
μάχομαι				False
μέγας				False
μέγεθος				False
μέγιστος				False
μέθη				False
μέθυσος				False
μέλαν				False
μέλας				False
μέλει				False
μέλι				False
μέλλω				False
μέλος				False
μέμφομαι				False
μέν				False
μέντοι				False
μένω				False
μέριμνα				False
μέρος				False
μέσος				False
μέτοχος				False
μέτρον				False
μέτωπον				False
μέχρι(ς)				False
μή				False
μήγε				False
μήν				False
μήποτε				False
μήπω				False
μήτε				False
μήτηρ				False
μήτι				False
μήτιγε				False
μήτρα				False
μίασμα				False
μίγμα				False
μίγνυμι				False
μίλιον				False
μίσθιος				False
μίσθωμα				False
μαίνομαι				False
μαγεία				False
μαγεύω				False
μαθήτρια				False
μαθητής				False
μαθητεύω				False
μακάριος				False
μακαρίζω				False
μακαρισμός				False
μακράν				False
μακροθυμέω				False
μακροθυμία				False
μακροθύμως				False
μακροχρόνιος				False
μακρόθεν				False
μακρός				False
μαλακία				False
μαλακός				False
μαμωνᾶς				False
μανία				False
μανθάνω				False
μαντεύομαι				False
μαράνα				False
μαραίνομαι				False
μαργαρίτης				False
μαρτυρέω				False
μαρτυρία				False
μαρτύριον				False
μαρτύρομαι				False
μασάομαι				False
μαστίζω				False
μαστιγόω				False
μαστός				False
ματαιολογία				False
ματαιολόγος				False
ματαιόομαι				False
ματαιότης				False
μείζων				False
μεγάλως				False
μεγαλειότης				False
μεγαλεῖος				False
μεγαλοπρεπής				False
μεγαλωσύνη				False
μεγαλύνω				False
μεγιστάν				False
μεθίστημι				False
μεθερμηνεύω				False
μεθοδεία				False
μεθύσκομαι				False
μεθύω				False
μειζότερος				False
μελετάω				False
μεμβράνα				False
μεμψίμοιρος				False
μενοῦν				False
μενοῦνγε				False
μερίζω				False
μερίς				False
μεριμνάω				False
μερισμός				False
μεριστής				False
μεσίτης				False
μεσημβρία				False
μεσιτεύω				False
μεσονύκτιον				False
μεσουράνημα				False
μεστός				False
μεστόω				False
μεσότοιχον				False
μεσόω				False
μετά				False
μετάγω				False
μετάθεσις				False
μετάλημψις				False
μετάνοια				False
μετέπειτα				False
μετέχω				False
μεταίρω				False
μεταβάλλομαι				False
μεταβαίνω				False
μεταδίδωμι				False
μετακαλέομαι				False
μετακινέω				False
μεταλαμβάνω				False
μεταλλάσσω				False
μεταμέλομαι				False
μεταμορφόομαι				False
μετανοέω				False
μεταξύ				False
μεταπέμπομαι				False
μεταστρέφω				False
μετασχηματίζω				False
μετατίθημι				False
μετατρέπω				False
μετεωρίζομαι				False
μετοικίζω				False
μετοικεσία				False
μετοχή				False
μετρέω				False
μετρίως				False
μετρητής				False
μετριοπαθέω				False
μηδέ				False
μηδέποτε				False
μηδέπω				False
μηδαμῶς				False
μηδείς				False
μηκέτι				False
μηκύνομαι				False
μηλωτή				False
μηνύω				False
μηρός				False
μητρολῴας				False
μιαίνω				False
μιασμός				False
μικρός				False
μιμέομαι				False
μιμητής				False
μιμνῄσκομαι				False
μισέω				False
μισθαποδοσία				False
μισθαποδότης				False
μισθωτός				False
μισθόομαι				False
μισθός				False
μνήμη				False
μνεία				False
μνημεῖον				False
μνημονεύω				False
μνημόσυνον				False
μνηστεύομαι				False
μνᾶ				False
μνῆμα				False
μογιλάλος				False
μοιχάομαι				False
μοιχαλίς				False
μοιχεία				False
μοιχεύω				False
μοιχός				False
μολυσμός				False
μολύνω				False
μομφή				False
μονή				False
μονογενής				False
μονόομαι				False
μονόφθαλμος				False
μορφή				False
μορφόω				False
μοσχοποιέω				False
μουσικός				False
μυέομαι				False
μυελός				False
μυκάομαι				False
μυκτηρίζω				False
μυλικός				False
μυρίζω				False
μυριάς				False
μυστήριον				False
μυωπάζω				False
μωμάομαι				False
μωρία				False
μωραίνω				False
μωρολογία				False
μωρός				False
μόγις				False
μόδιος				False
μόλις				False
μόνον				False
μόνος				False
μόρφωσις				False
μόσχος				False
μόχθος				False
μύλινος				False
μύλος				False
μύριοι				False
μύρον				False
μώλωψ				False
μᾶλλον				False
μῆκος				False
μῦθος				False
μῶμος				False
νάρδος				False
νέκρωσις				False
νέος				False
νέφος				False
νή				False
νήθω				False
νήπιος				False
νήφω				False
νίκη				False
νίπτω				False
ναί				False
ναυαγέω				False
ναός				False
ναύκληρος				False
ναύτης				False
ναῦς				False
νεανίας				False
νεανίσκος				False
νεκρός				False
νεκρόω				False
νεφέλη				False
νεφρός				False
νεωκόρος				False
νεωτερικός				False
νεότης				False
νεόφυτος				False
νεύω				False
νηπιάζω				False
νησίον				False
νηστεία				False
νηστεύω				False
νηφάλιος				False
νικάω				False
νιπτήρ				False
νοέω				False
νομή				False
νομίζω				False
νομίμως				False
νομικός				False
νομοδιδάσκαλος				False
νομοθέτης				False
νομοθεσία				False
νομοθετέομαι				False
νοσέω				False
νοσσίον				False
νοσσιά				False
νοσσός				False
νοσφίζομαι				False
νουθεσία				False
νουθετέω				False
νουμηνία				False
νουνεχῶς				False
νοῦς				False
νυμφίος				False
νυμφών				False
νυνί				False
νυστάζω				False
νυχθήμερον				False
νωθρός				False
νόημα				False
νόθος				False
νόμισμα				False
νόμος				False
νόσος				False
νότος				False
νύμφη				False
νύξ				False
νύσσω				False
νῆσος				False
νῆστις				False
νῖκος				False
νῦν				False
νῶτος				False
ξένος				False
ξέστης				False
ξενία				False
ξενίζω				False
ξενοδοχέω				False
ξηραίνω				False
ξηρός				False
ξυράομαι				False
ξύλινος				False
ξύλον				False
οἰκέτης				False
οἰκέω				False
οἰκία				False
οἰκετεία				False
οἰκεῖος				False
οἰκητήριον				False
οἰκιακός				False
οἰκοδεσποτέω				False
οἰκοδεσπότης				False
οἰκοδομέω				False
οἰκοδομή				False
οἰκοδόμος				False
οἰκονομέω				False
οἰκονομία				False
οἰκονόμος				False
οἰκουμένη				False
οἰκουργός				False
οἰκτίρμων				False
οἰκτίρω				False
οἰκτιρμός				False
οἰνοπότης				False
οἰνοφλυγία				False
οἴκημα				False
οἶδα				False
οἶκος				False
οἶμαι				False
οἶνος				False
οἷος				False
οὐ				False
οὐά				False
οὐαί				False
οὐδέ				False
οὐδέποτε				False
οὐδέπω				False
οὐδαμῶς				False
οὐδείς				False
οὐκέτι				False
οὐκοῦν				False
οὐρά				False
οὐράνιος				False
οὐρανόθεν				False
οὐρανός				False
οὐσία				False
οὐχί				False
οὔ				False
οὔπω				False
οὔτε				False
οὕτω(ς)				False
οὖν				False
οὖς				False
οὗ				False
οὗτος				False
πάθημα				False
πάθος				False
πάλαι				False
πάλη				False
πάλιν				False
πάντοθεν				False
πάντοτε				False
πάντως				False
πάντῃ				False
πάρδαλις				False
πάρειμι				False
πάρεσις				False
πάροδος				False
πάροικος				False
πάροινος				False
πάσχα				False
πάσχω				False
πέδη				False
πέλαγος				False
πέμπτος				False
πέμπω				False
πένης				False
πένθος				False
πέντε				False
πέραν				False
πέρας				False
πέριξ				False
πέρυσι(ν)				False
πέτομαι				False
πέτρα				False
πήγανον				False
πήγνυμι				False
πήρα				False
πίμπλημι				False
πίμπρημι				False
πίναξ				False
πίνω				False
πίπτω				False
πίστις				False
παίζω				False
παίω				False
παγίς				False
παγιδεύω				False
παθητός				False
παιδάριον				False
παιδίον				False
παιδίσκη				False
παιδαγωγός				False
παιδεία				False
παιδευτής				False
παιδεύω				False
παιδιόθεν				False
παλαιός				False
παλαιότης				False
παλαιόω				False
παλιγγενεσία				False
παμπληθεί				False
πανήγυρις				False
πανδοχεύς				False
πανδοχεῖον				False
πανοικεί				False
πανοπλία				False
πανουργία				False
πανοῦργος				False
πανταχοῦ				False
πανταχῇ				False
παντελής				False
παντοκράτωρ				False
παρά				False
παράβασις				False
παράγω				False
παράδεισος				False
παράδοξος				False
παράδοσις				False
παράκειμαι				False
παράκλησις				False
παράκλητος				False
παράλιος				False
παράπτωμα				False
παράσημος				False
παρέρχομαι				False
παρέχω				False
παρίημι				False
παρίστημι				False
παραβάλλω				False
παραβάτης				False
παραβαίνω				False
παραβιάζομαι				False
παραβολή				False
παραβολεύομαι				False
παραγίνομαι				False
παραγγέλλω				False
παραγγελία				False
παραδέχομαι				False
παραδίδωμι				False
παραδειγματίζω				False
παραζηλόω				False
παραθήκη				False
παραθαλάσσιος				False
παραθεωρέω				False
παραινέω				False
παραιτέομαι				False
παρακαθέζομαι				False
παρακαλέω				False
παρακαλύπτομαι				False
παρακοή				False
παρακολουθέω				False
παρακούω				False
παρακύπτω				False
παραλέγομαι				False
παραλαμβάνω				False
παραλλαγή				False
παραλογίζομαι				False
παραλυτικός				False
παραλύομαι				False
παραμένω				False
παραμυθέομαι				False
παραμυθία				False
παραμύθιον				False
παρανομέω				False
παρανομία				False
παραπίπτω				False
παραπικραίνω				False
παραπικρασμός				False
παραπλέω				False
παραπλήσιον				False
παραπλησίως				False
παραπορεύομαι				False
παραρρέω				False
παρασκευάζω				False
παρασκευή				False
παρατήρησις				False
παρατίθημι				False
παρατείνω				False
παρατηρέω				False
παρατυγχάνω				False
παραυτίκα				False
παραφέρω				False
παραφρονέω				False
παραφρονία				False
παραχειμάζω				False
παραχειμασία				False
παραχρῆμα				False
παρείσακτος				False
παρεδρεύω				False
παρεισάγω				False
παρεισέρχομαι				False
παρεισδύω				False
παρεισφέρω				False
παρεκτός				False
παρεμβάλλω				False
παρεμβολή				False
παρενοχλέω				False
παρεπίδημος				False
παρηγορία				False
παρθένος				False
παρθενία				False
παροίχομαι				False
παροικέω				False
παροικία				False
παροιμία				False
παρομοιάζω				False
παροξυσμός				False
παροξύνομαι				False
παροργίζω				False
παροργισμός				False
παροτρύνω				False
παρουσία				False
παροψίς				False
παρρησία				False
παρρησιάζομαι				False
παρόμοιος				False
πατάσσω				False
πατέω				False
πατήρ				False
πατρίς				False
πατριά				False
πατριάρχης				False
πατρικός				False
πατρολῴας				False
πατροπαράδοτος				False
πατρῷος				False
παχύνομαι				False
παύω				False
παῖς				False
πείθω				False
πεδινός				False
πεζεύω				False
πεζῇ				False
πειθαρχέω				False
πειθός				False
πεινάω				False
πειράζω				False
πειράω				False
πειρασμός				False
πεισμονή				False
πελεκίζω				False
πενθέω				False
πενθερά				False
πενθερός				False
πενιχρός				False
πεντάκις				False
πεντήκοντα				False
πεντακισχίλιοι				False
πεντακόσιοι				False
πεντεκαιδέκατος				False
πεντηκοστή				False
πεποίθησις				False
περί				False
περίεργος				False
περίθεσις				False
περίκειμαι				False
περίλυπος				False
περίοικος				False
περίσσευμα				False
περίχωρος				False
περίψημα				False
περαιτέρω				False
περιΐστημι				False
περιάγω				False
περιάπτω				False
περιέρχομαι				False
περιέχω				False
περιαιρέω				False
περιαστράπτω				False
περιβάλλω				False
περιβλέπομαι				False
περιβόλαιον				False
περιδέω				False
περιεργάζομαι				False
περιζώννυμι				False
περικάθαρμα				False
περικαλύπτω				False
περικεφαλαία				False
περικρατής				False
περικρύβω				False
περικυκλόω				False
περιλάμπω				False
περιλείπομαι				False
περιμένω				False
περιοικέω				False
περιοχή				False
περιούσιος				False
περιπίπτω				False
περιπατέω				False
περιπείρω				False
περιποίησις				False
περιποιέομαι				False
περιρήγνυμι				False
περισπάομαι				False
περισσεία				False
περισσεύω				False
περισσοτέρως				False
περισσός				False
περισσότερον				False
περισσότερος				False
περισσῶς				False
περιστερά				False
περιτέμνω				False
περιτίθημι				False
περιτομή				False
περιτρέπω				False
περιτρέχω				False
περιφέρω				False
περιφρονέω				False
περπερεύομαι				False
πετεινόν				False
πετρῶδες				False
πεῖρα				False
πηγή				False
πηδάλιον				False
πηλίκος				False
πηλός				False
πιάζω				False
πιέζω				False
πιθανολογία				False
πικρία				False
πικραίνω				False
πικρός				False
πικρῶς				False
πινακίδιον				False
πιπράσκω				False
πιστεύω				False
πιστικός				False
πιστόομαι				False
πιστός				False
πιότης				False
πλάνη				False
πλάνος				False
πλάξ				False
πλάσμα				False
πλάσσω				False
πλάτος				False
πλέγμα				False
πλέκω				False
πλέω				False
πλήκτης				False
πλήμμυρα				False
πλήν				False
πλήρης				False
πλήρωμα				False
πλήσσω				False
πλανάω				False
πλανήτης				False
πλαστός				False
πλατεῖα				False
πλατύνω				False
πλατύς				False
πλεονάζω				False
πλεονέκτης				False
πλεονεκτέω				False
πλεονεξία				False
πλευρά				False
πληγή				False
πληθύνω				False
πληροφορέω				False
πληροφορία				False
πληρόω				False
πλησίον				False
πλησμονή				False
πλοιάριον				False
πλουσίως				False
πλουτέω				False
πλουτίζω				False
πλούσιος				False
πλοῖον				False
πλοῦς				False
πλοῦτος				False
πλύνω				False
πλῆθος				False
πνέω				False
πνίγω				False
πνευματικός				False
πνευματικῶς				False
πνεῦμα				False
πνικτός				False
πνοή				False
ποίημα				False
ποίησις				False
ποίμνη				False
ποίμνιον				False
ποδήρης				False
ποιέω				False
ποιητής				False
ποικίλος				False
ποιμήν				False
ποιμαίνω				False
πολίτευμα				False
πολίτης				False
πολεμέω				False
πολιτάρχης				False
πολιτεία				False
πολιτεύομαι				False
πολλάκις				False
πολλαπλασίων				False
πολυλογία				False
πολυμερῶς				False
πολυποίκιλος				False
πολυτελής				False
πολυτρόπως				False
πολύς				False
πολύσπλαγχνος				False
πολύτιμος				False
πονηρία				False
πονηρός				False
πορεία				False
πορεύομαι				False
πορθέω				False
πορισμός				False
πορνεία				False
πορνεύω				False
πορρώτερον				False
πορφυροῦς				False
πορφυρόπωλις				False
πορφύρα				False
ποσάκις				False
ποτέ				False
ποτήριον				False
ποτίζω				False
ποταμοφόρητος				False
ποταμός				False
ποταπός				False
πού				False
πούς				False
ποῖος				False
ποῦ				False
πράκτωρ				False
πράσσω				False
πρέπω				False
πρίζω				False
πρίν				False
πραΰς				False
πραΰτης				False
πραγματεία				False
πραγματεύομαι				False
πραιτώριον				False
πρασιά				False
πραϋπάθια				False
πρεσβεία				False
πρεσβεύω				False
πρεσβυτέριον				False
πρεσβύτερος				False
πρεσβύτης				False
πρεσβῦτις				False
πρηνής				False
προΐστημι				False
προάγω				False
προέρχομαι				False
προέχομαι				False
προαιρέομαι				False
προαιτιάομαι				False
προακούω				False
προαμαρτάνω				False
προαύλιον				False
προβάλλω				False
προβαίνω				False
προβατικός				False
προβιβάζω				False
προβλέπομαι				False
προγίνομαι				False
προγινώσκω				False
προγράφω				False
προδίδωμι				False
προδότης				False
προελπίζω				False
προενάρχομαι				False
προεπαγγέλλομαι				False
προετοιμάζω				False
προευαγγελίζομαι				False
προηγέομαι				False
προθεσμία				False
προθυμία				False
προθύμως				False
προκαλέομαι				False
προκαταγγέλλω				False
προκαταρτίζω				False
προκηρύσσω				False
προκοπή				False
προκυρόω				False
προκόπτω				False
προλέγω				False
προλαμβάνω				False
προμαρτύρομαι				False
προμελετάω				False
προμεριμνάω				False
προνοέω				False
προοράω				False
προορίζω				False
προπάσχω				False
προπάτωρ				False
προπέμπω				False
προπετής				False
προπορεύομαι				False
προσάββατον				False
προσάγω				False
προσέρχομαι				False
προσέχω				False
προσήλυτος				False
προσαίτης				False
προσαγορεύω				False
προσαγωγή				False
προσαιτέω				False
προσαναβαίνω				False
προσαναλίσκω				False
προσαναπληρόω				False
προσανατίθημι				False
προσαπειλέομαι				False
προσδέομαι				False
προσδέχομαι				False
προσδαπανάω				False
προσδοκάω				False
προσδοκία				False
προσεάω				False
προσεργάζομαι				False
προσευχή				False
προσεύχομαι				False
προσηλόω				False
προσκαλέομαι				False
προσκαρτέρησις				False
προσκαρτερέω				False
προσκεφάλαιον				False
προσκλίνομαι				False
προσκληρόομαι				False
προσκολλάομαι				False
προσκοπή				False
προσκυλίω				False
προσκυνέω				False
προσκυνητής				False
προσκόπτω				False
προσλαλέω				False
προσλαμβάνομαι				False
προσμένω				False
προσορμίζομαι				False
προσοφείλω				False
προσοχθίζω				False
προσπήγνυμι				False
προσπίπτω				False
προσποιέομαι				False
προσποιέω				False
προσπορεύομαι				False
προσρήγνυμι				False
προστάσσω				False
προστάτις				False
προστίθημι				False
προστρέχω				False
προσφάγιον				False
προσφάτως				False
προσφέρω				False
προσφιλής				False
προσφορά				False
προσφωνέω				False
προσψαύω				False
προσωπολήμπτης				False
προσωπολημπτέω				False
προσωπολημψία				False
προτίθεμαι				False
προτείνω				False
προτρέπομαι				False
προτρέχω				False
προφέρω				False
προφήτης				False
προφητεία				False
προφητεύω				False
προφητικός				False
προφθάνω				False
προφῆτις				False
προχειρίζομαι				False
προχειροτονέω				False
προϋπάρχω				False
πρωΐ				False
πρωΐα				False
πρωτεύω				False
πρωτοκαθεδρία				False
πρωτοκλισία				False
πρωτοστάτης				False
πρωτοτόκια				False
πρωτότοκος				False
πρωϊνός				False
πρό				False
πρόβατον				False
πρόγνωσις				False
πρόγονος				False
πρόδηλος				False
πρόδρομος				False
πρόθεσις				False
πρόθυμος				False
πρόκειμαι				False
πρόκριμα				False
πρόνοια				False
πρός				False
πρόσκαιρος				False
πρόσκλισις				False
πρόσκομμα				False
πρόσλημψις				False
πρόσπεινος				False
πρόσφατος				False
πρόσχυσις				False
πρόσωπον				False
πρότερος				False
πρόφασις				False
πρόϊμος				False
πρύμνα				False
πρώτως				False
πρᾶγμα				False
πρᾶξις				False
πρῶτον				False
πρῶτος				False
πρῷρα				False
πτέρνα				False
πτέρυξ				False
πταίω				False
πτερύγιον				False
πτηνόν				False
πτοέομαι				False
πτωχεία				False
πτωχεύω				False
πτωχός				False
πτόησις				False
πτύον				False
πτύρομαι				False
πτύσμα				False
πτύσσω				False
πτύω				False
πτῶμα				False
πτῶσις				False
πυγμή				False
πυκνά				False
πυκνός				False
πυκτεύω				False
πυλών				False
πυνθάνομαι				False
πυρά				False
πυρέσσω				False
πυρετός				False
πυρράζω				False
πυρρός				False
πυρόομαι				False
πωλέω				False
πωρόω				False
πόθεν				False
πόλεμος				False
πόμα				False
πόνος				False
πόρνη				False
πόρνος				False
πόρρω				False
πόρρωθεν				False
πόσις				False
πόσος				False
πότε				False
πότερον				False
πότος				False
πύθων				False
πύλη				False
πύργος				False
πύρινος				False
πύρωσις				False
πώποτε				False
πώρωσις				False
πώς				False
πᾶς				False
πῆχυς				False
πῦρ				False
πῶλος				False
πῶς				False
ραββουνι				False
σάββατον				False
σάκκος				False
σάλος				False
σάλπιγξ				False
σάπφιρος				False
σάρδιον				False
σάρκινος				False
σάρξ				False
σάτον				False
σέβασμα				False
σέβομαι				False
σήμερον				False
σήπω				False
σής				False
σίδηρος				False
σίκερα				False
σίναπι				False
σαίνομαι				False
σαβαχθάνι				False
σαββατισμός				False
σαγήνη				False
σαλεύω				False
σαλπίζω				False
σαλπιστής				False
σανίς				False
σανδάλιον				False
σαπρός				False
σαργάνη				False
σαρδόνυξ				False
σαρκικός				False
σαρόω				False
σβέννυμι				False
σείω				False
σεαυτοῦ				False
σεβάζομαι				False
σειρά				False
σεισμός				False
σελήνη				False
σεληνιάζομαι				False
σεμίδαλις				False
σεμνός				False
σεμνότης				False
σημαίνω				False
σημειόομαι				False
σημεῖον				False
σητόβρωτος				False
σθενόω				False
σιαγών				False
σιγάω				False
σιγή				False
σιδηροῦς				False
σικάριος				False
σιμικίνθιον				False
σινδών				False
σινιάζω				False
σιρικός				False
σιτίον				False
σιτευτός				False
σιτιστός				False
σιτομέτριον				False
σιωπάω				False
σκάνδαλον				False
σκάπτω				False
σκάφη				False
σκέλος				False
σκέπασμα				False
σκήνωμα				False
σκανδαλίζω				False
σκευή				False
σκεῦος				False
σκηνή				False
σκηνοπηγία				False
σκηνοποιός				False
σκηνόω				False
σκιά				False
σκιρτάω				False
σκληροκαρδία				False
σκληροτράχηλος				False
σκληρός				False
σκληρότης				False
σκληρύνω				False
σκολιός				False
σκοπέω				False
σκοπός				False
σκορπίζω				False
σκορπίος				False
σκοτία				False
σκοτίζομαι				False
σκοτεινός				False
σκοτόομαι				False
σκυθρωπός				False
σκωληκόβρωτος				False
σκόλοψ				False
σκότος				False
σκύβαλον				False
σκύλλω				False
σκώληξ				False
σκῆνος				False
σκῦλα				False
σμάραγδος				False
σμαράγδινος				False
σμυρνίζω				False
σορός				False
σουδάριον				False
σοφία				False
σοφίζω				False
σοφός				False
σπάομαι				False
σπένδομαι				False
σπέρμα				False
σπήλαιον				False
σπίλος				False
σπαράσσω				False
σπαργανόω				False
σπαταλάω				False
σπείρω				False
σπεκουλάτωρ				False
σπερμολόγος				False
σπεύδω				False
σπεῖρα				False
σπιλάς				False
σπιλόω				False
σπλάγχνον				False
σπλαγχνίζομαι				False
σποδός				False
σπορά				False
σπουδάζω				False
σπουδή				False
σπουδαίως				False
σπουδαῖος				False
σπυρίς				False
σπόγγος				False
σπόριμος				False
σπόρος				False
στάδιον				False
στάδιος				False
στάμνος				False
στάσις				False
στέγη				False
στέγω				False
στέλλομαι				False
στέμμα				False
στήκω				False
στίγμα				False
στίλβω				False
στασιαστής				False
στατήρ				False
σταυρός				False
σταυρόω				False
σταφυλή				False
στενάζω				False
στεναγμός				False
στενοχωρέομαι				False
στενοχωρία				False
στενός				False
στερέωμα				False
στερεός				False
στερεόω				False
στεφανόω				False
στεῖρα				False
στηρίζω				False
στηριγμός				False
στιβάς				False
στιγμή				False
στοιχέω				False
στοιχεῖα				False
στοιχεῖον				False
στολή				False
στράτευμα				False
στρέφω				False
στρατεία				False
στρατεύομαι				False
στρατηγός				False
στρατιά				False
στρατιώτης				False
στρατολογέω				False
στρατόπεδον				False
στρεβλόω				False
στρηνιάω				False
στρουθίον				False
στρώννυμι				False
στρῆνος				False
στυγητός				False
στυγνάζω				False
στόμα				False
στόμαχος				False
στῆθος				False
στῦλος				False
συγγένεια				False
συγγενής				False
συγγενίς				False
συγγνώμη				False
συγκάθημαι				False
συγκάμπτω				False
συγκαθίζω				False
συγκακοπαθέω				False
συγκακουχέομαι				False
συγκαλέω				False
συγκαλύπτω				False
συγκατάθεσις				False
συγκαταβαίνω				False
συγκατατίθεμαι				False
συγκαταψηφίζομαι				False
συγκεράννυμι				False
συγκινέω				False
συγκλείω				False
συγκληρονόμος				False
συγκοινωνέω				False
συγκοινωνός				False
συγκομίζω				False
συγκρίνω				False
συγκυρία				False
συγκύπτω				False
συγχέω				False
συγχαίρω				False
συγχράομαι				False
συζάω				False
συζεύγνυμι				False
συζητέω				False
συζητητής				False
συζωοποιέω				False
συκάμινος				False
συκομορέα				False
συκοφαντέω				False
συκῆ				False
συλάω				False
συλαγωγέω				False
συλλέγω				False
συλλαλέω				False
συλλαμβάνω				False
συλλογίζομαι				False
συλλυπέομαι				False
συμβάλλω				False
συμβαίνω				False
συμβασιλεύω				False
συμβιβάζω				False
συμβουλεύω				False
συμβούλιον				False
συμμέτοχος				False
συμμαθητής				False
συμμαρτυρέω				False
συμμερίζομαι				False
συμμιμητής				False
συμμορφίζομαι				False
συμπάρειμι				False
συμπάσχω				False
συμπέμπω				False
συμπίνω				False
συμπίπτω				False
συμπαθέω				False
συμπαθής				False
συμπαραγίνομαι				False
συμπαρακαλέομαι				False
συμπαραλαμβάνω				False
συμπεριλαμβάνω				False
συμπληρόω				False
συμπνίγω				False
συμπολίτης				False
συμπορεύομαι				False
συμπρεσβύτερος				False
συμπόσιον				False
συμφέρω				False
συμφυλέτης				False
συμφωνέω				False
συμφωνία				False
συμφύομαι				False
συμφώνησις				False
συμψηφίζω				False
συνάγω				False
συνέδριον				False
συνέκδημος				False
συνέπομαι				False
συνέρχομαι				False
συνέχω				False
συνήδομαι				False
συνήθεια				False
συνίημι				False
συνίστημι				False
συναίρω				False
συναγωγή				False
συναγωνίζομαι				False
συναθλέω				False
συναθροίζω				False
συναιχμάλωτος				False
συνακολουθέω				False
συναλίζομαι				False
συναλλάσσω				False
συνανάκειμαι				False
συναναβαίνω				False
συναναμίγνυμι				False
συναναπαύομαι				False
συναντάω				False
συναντιλαμβάνομαι				False
συναπάγομαι				False
συναποθνῄσκω				False
συναποστέλλω				False
συναπόλλυμαι				False
συναρμολογέομαι				False
συναρπάζω				False
συναυξάνομαι				False
συνδέομαι				False
συνδοξάζομαι				False
συνδρομή				False
συνείδησις				False
συνεγείρω				False
συνεισέρχομαι				False
συνεκλεκτός				False
συνεπιμαρτυρέω				False
συνεπιτίθεμαι				False
συνεργέω				False
συνεργός				False
συνεσθίω				False
συνετός				False
συνευδοκέω				False
συνευωχέομαι				False
συνεφίστημι				False
συνηλικιώτης				False
συνθάπτομαι				False
συνθλάομαι				False
συνθλίβω				False
συνθρύπτω				False
συνιστάνω				False
συνοδία				False
συνοδεύω				False
συνοικέω				False
συνοικοδομέω				False
συνομιλέω				False
συνομορέω				False
συνοράω				False
συνοχή				False
συντάσσω				False
συντέλεια				False
συντέμνω				False
συντίθεμαι				False
συντελέω				False
συντηρέω				False
συντρέχω				False
συντρίβω				False
συντυγχάνω				False
συντόμως				False
συνυποκρίνομαι				False
συνυπουργέω				False
συνωδίνω				False
συνωμοσία				False
συσπαράσσω				False
συστέλλω				False
συστατικός				False
συσταυρόομαι				False
συστενάζω				False
συστοιχέω				False
συστρέφω				False
συστρατιώτης				False
συστροφή				False
συσχηματίζομαι				False
σφάγιον				False
σφάζω				False
σφαγή				False
σφοδρῶς				False
σφραγίζω				False
σφραγίς				False
σφυδρόν				False
σφόδρα				False
σχίζω				False
σχίσμα				False
σχεδόν				False
σχοινίον				False
σχολάζω				False
σχολή				False
σχῆμα				False
σωματικός				False
σωματικῶς				False
σωρεύω				False
σωτήρ				False
σωτήριος				False
σωτηρία				False
σωφρονέω				False
σωφρονίζω				False
σωφρονισμός				False
σωφροσύνη				False
σωφρόνως				False
σός				False
σύ				False
σύγχυσις				False
σύζυγος				False
σύμβουλος				False
σύμμορφος				False
σύμφημι				False
σύμφορον				False
σύμφυτος				False
σύμφωνος				False
σύμψυχος				False
σύν				False
σύνδεσμος				False
σύνδουλος				False
σύνειμι				False
σύνεσις				False
σύνιημι				False
σύνοιδα				False
σύντριμμα				False
σύντροφος				False
σύρω				False
σύσσημον				False
σύσσωμος				False
σώφρων				False
σῖτος				False
σῦκον				False
σῴζω				False
σῶμα				False
τάγμα				False
τάλαντον				False
τάξις				False
τάραχος				False
τάσσω				False
τάφος				False
τάχα				False
τάχιον				False
τάχος				False
τέ				False
τέκνον				False
τέκτων				False
τέλειος				False
τέλος				False
τέρας				False
τέσσαρες				False
τέταρτος				False
τέχνη				False
τήκομαι				False
τήρησις				False
τίθημι				False
τίκτω				False
τίλλω				False
τίμιος				False
τίνω				False
τίς				False
τίτλος				False
τακτός				False
ταλαίπωρος				False
ταλαιπωρέω				False
ταλαιπωρία				False
ταλαντιαῖος				False
ταλιθα				False
ταμεῖον				False
ταπείνωσις				False
ταπεινοφροσύνη				False
ταπεινός				False
ταπεινόφρων				False
ταπεινόω				False
ταράσσω				False
ταρταρόω				False
ταφή				False
ταχέως				False
ταχινός				False
ταχύ				False
ταχύς				False
ταῦρος				False
τεκμήριον				False
τεκνίον				False
τεκνογονέω				False
τεκνογονία				False
τεκνοτροφέω				False
τελέω				False
τελείως				False
τελείωσις				False
τελειωτής				False
τελειότης				False
τελειόω				False
τελεσφορέω				False
τελευτάω				False
τελευτή				False
τελώνης				False
τελώνιον				False
τεσσαρεσκαιδέκατος				False
τεσσεράκοντα				False
τεσσερακονταετής				False
τεταρταῖος				False
τετράγωνος				False
τετράδιον				False
τετράμηνος				False
τετράπους				False
τετραάρχης				False
τετρααρχέω				False
τετρακισχίλιοι				False
τετρακόσιοι				False
τετραπλοῦς				False
τεφρόω				False
τεχνίτης				False
τεῖχος				False
τηλαυγῶς				False
τηλικοῦτος				False
τηρέω				False
τιμάω				False
τιμή				False
τιμιότης				False
τιμωρέω				False
τιμωρία				False
τις				False
τοίνυν				False
τοιγαροῦν				False
τοιοῦτος				False
τοιόσδε				False
τολμάω				False
τολμηρότερον				False
τολμητής				False
τομώτερος				False
τοπάζιον				False
τοσοῦτος				False
τοὐναντίον				False
τοὔνομα				False
τοῖχος				False
τράγος				False
τράπεζα				False
τράχηλος				False
τρέμω				False
τρέφω				False
τρέχω				False
τρίβολος				False
τρίβος				False
τρίζω				False
τρίμηνον				False
τρίς				False
τρίστεγον				False
τρίτον				False
τρίτος				False
τρίχινος				False
τραπεζίτης				False
τραυματίζω				False
τραχηλίζομαι				False
τραχύς				False
τραῦμα				False
τριάκοντα				False
τριακόσιοι				False
τριετία				False
τρισχίλιοι				False
τροπή				False
τροποφορέω				False
τροφή				False
τροφός				False
τροχιά				False
τροχός				False
τρυγάω				False
τρυγών				False
τρυμαλιά				False
τρυφάω				False
τρυφή				False
τρόμος				False
τρόπος				False
τρύβλιον				False
τρύπημα				False
τρώγω				False
τρῆμα				False
τυγχάνω				False
τυμπανίζω				False
τυπικῶς				False
τυφλός				False
τυφλόω				False
τυφωνικός				False
τυφόομαι				False
τόκος				False
τόξον				False
τόπος				False
τότε				False
τύπος				False
τύπτω				False
τύφομαι				False
υἱοθεσία				False
υἱός				False
φάγος				False
φάντασμα				False
φάραγξ				False
φάρμακον				False
φάρμακος				False
φάσις				False
φάσκω				False
φάτνη				False
φέγγος				False
φέρω				False
φήμη				False
φίλανδρος				False
φίλαυτος				False
φίλημα				False
φίλος				False
φαίνω				False
φαιλόνης				False
φανέρωσις				False
φανερός				False
φανερόω				False
φανερῶς				False
φαντάζομαι				False
φαντασία				False
φανός				False
φαρμακεία				False
φαρμακός				False
φαῦλος				False
φείδομαι				False
φειδομένως				False
φεύγω				False
φημί				False
φθάνω				False
φθέγγομαι				False
φθαρτός				False
φθείρω				False
φθινοπωρινός				False
φθονέω				False
φθορά				False
φθόγγος				False
φθόνος				False
φιάλη				False
φιλάγαθος				False
φιλάδελφος				False
φιλάργυρος				False
φιλέω				False
φιλήδονος				False
φιλία				False
φιλαδελφία				False
φιλανθρωπία				False
φιλανθρώπως				False
φιλαργυρία				False
φιλονεικία				False
φιλοξενία				False
φιλοπρωτεύω				False
φιλοσοφία				False
φιλοτιμέομαι				False
φιλοφρόνως				False
φιλόθεος				False
φιλόνεικος				False
φιλόξενος				False
φιλόσοφος				False
φιλόστοργος				False
φιλότεκνος				False
φιμόω				False
φλογίζω				False
φλυαρέω				False
φλόξ				False
φλύαρος				False
φοβέομαι				False
φοβερός				False
φονεύς				False
φονεύω				False
φορέω				False
φορτίζω				False
φορτίον				False
φράζω				False
φράσσω				False
φρέαρ				False
φρήν				False
φρίσσω				False
φραγέλλιον				False
φραγελλόω				False
φραγμός				False
φρεναπάτης				False
φρεναπατάω				False
φρονέω				False
φρονίμως				False
φροντίζω				False
φρουρέω				False
φρυάσσω				False
φρόνημα				False
φρόνησις				False
φρόνιμος				False
φρύγανον				False
φυγή				False
φυλάσσω				False
φυλή				False
φυλακή				False
φυλακίζω				False
φυλακτήριον				False
φυσίωσις				False
φυσικός				False
φυσικῶς				False
φυσιόω				False
φυτεία				False
φυτεύω				False
φωλεός				False
φωνέω				False
φωνή				False
φωστήρ				False
φωσφόρος				False
φωτίζω				False
φωτεινός				False
φωτισμός				False
φόβητρον				False
φόβος				False
φόνος				False
φόρος				False
φύλαξ				False
φύλλον				False
φύραμα				False
φύσις				False
φύω				False
φῶς				False
χάλαζα				False
χάραγμα				False
χάραξ				False
χάριν				False
χάρις				False
χάρισμα				False
χάρτης				False
χάσμα				False
χήρα				False
χίλιοι				False
χαίρω				False
χαλάω				False
χαλεπός				False
χαλιναγωγέω				False
χαλινός				False
χαλκίον				False
χαλκεύς				False
χαλκηδών				False
χαλκολίβανον				False
χαλκοῦς				False
χαλκός				False
χαμαί				False
χαρά				False
χαρίζομαι				False
χαρακτήρ				False
χαριτόω				False
χείμαρρος				False
χείρ				False
χείρων				False
χειμάζομαι				False
χειμών				False
χειραγωγέω				False
χειραγωγός				False
χειροποίητος				False
χειροτονέω				False
χειρόγραφον				False
χεῖλος				False
χιλίαρχος				False
χιλιάς				False
χιτών				False
χιών				False
χλαμύς				False
χλευάζω				False
χλιαρός				False
χλωρός				False
χολάω				False
χολή				False
χορηγέω				False
χορτάζω				False
χορός				False
χοϊκός				False
χοῖνιξ				False
χοῖρος				False
χοῦς				False
χράομαι				False
χρή				False
χρήσιμον				False
χρίω				False
χρεία				False
χρεοφειλέτης				False
χρηματίζω				False
χρηματισμός				False
χρηστεύομαι				False
χρηστολογία				False
χρηστός				False
χρηστότης				False
χρονίζω				False
χρονοτριβέω				False
χρυσίον				False
χρυσοδακτύλιος				False
χρυσοῦς				False
χρυσόλιθος				False
χρυσόπρασος				False
χρυσός				False
χρυσόω				False
χρόνος				False
χρύσεος				False
χρώς				False
χρῄζω				False
χρῆμα				False
χρῆσις				False
χρῖσμα				False
χωλός				False
χωρέω				False
χωρίζω				False
χωρίον				False
χωρίς				False
χόρτασμα				False
χόρτος				False
χώρα				False
χῶρος				False
ψάλλω				False
ψίξ				False
ψαλμός				False
ψευδάδελφος				False
ψευδής				False
ψευδαπόστολος				False
ψευδοδιδάσκαλος				False
ψευδολόγος				False
ψευδομαρτυρέω				False
ψευδομαρτυρία				False
ψευδοπροφήτης				False
ψευδόμαρτυς				False
ψευδόχριστος				False
ψευδώνυμος				False
ψεύδομαι				False
ψεύστης				False
ψεῦδος				False
ψεῦσμα				False
ψηλαφάω				False
ψηφίζω				False
ψιθυρισμός				False
ψιθυριστής				False
ψυχή				False
ψυχικός				False
ψυχρός				False
ψωμίζω				False
ψωμίον				False
ψύχομαι				False
ψώχω				False
ψῆφος				False
ψῦχος				False
ἀΐδιος				False
ἀήρ				False
ἀβαρής				False
ἀγάπη				False
ἀγέλη				False
ἀγαθοεργέω				False
ἀγαθοποιΐα				False
ἀγαθοποιέω				False
ἀγαθοποιός				False
ἀγαθουργέω				False
ἀγαθωσύνη				False
ἀγαθός				False
ἀγαλλίασις				False
ἀγαλλιάω				False
ἀγανάκτησις				False
ἀγανακτέω				False
ἀγαπάω				False
ἀγαπητός				False
ἀγγέλλω				False
ἀγγαρεύω				False
ἀγγελία				False
ἀγγεῖον				False
ἀγενής				False
ἀγενεαλόγητος				False
ἀγκάλη				False
ἀγνοέω				False
ἀγνωσία				False
ἀγνόημα				False
ἀγορά				False
ἀγοράζω				False
ἀγοραῖος				False
ἀγράμματος				False
ἀγραυλέω				False
ἀγρεύω				False
ἀγριέλαιος				False
ἀγρυπνέω				False
ἀγρυπνία				False
ἀγρός				False
ἀγωγή				False
ἀγωνία				False
ἀγωνίζομαι				False
ἀγών				False
ἀδάπανος				False
ἀδήλως				False
ἀδίκημα				False
ἀδίκως				False
ἀδελφή				False
ἀδελφός				False
ἀδελφότης				False
ἀδηλότης				False
ἀδημονέω				False
ἀδιάκριτος				False
ἀδιάλειπτος				False
ἀδιαλείπτως				False
ἀδικέω				False
ἀδικία				False
ἀδυνατέω				False
ἀδόκιμος				False
ἀδύνατος				False
ἀεί				False
ἀετός				False
ἀθέμιτος				False
ἀθέτησις				False
ἀθανασία				False
ἀθετέω				False
ἀθλέω				False
ἀθροίζω				False
ἀθυμέω				False
ἀθῷος				False
ἀκάθαρτος				False
ἀκάνθινος				False
ἀκέραιος				False
ἀκαίρως				False
ἀκαθαρσία				False
ἀκαιρέομαι				False
ἀκατάγνωστος				False
ἀκατάκριτος				False
ἀκατάλυτος				False
ἀκατάπαυστος				False
ἀκατάστατος				False
ἀκατακάλυπτος				False
ἀκαταστασία				False
ἀκλινής				False
ἀκμάζω				False
ἀκμήν				False
ἀκοή				False
ἀκολουθέω				False
ἀκούω				False
ἀκρίβεια				False
ἀκρίς				False
ἀκρασία				False
ἀκρατής				False
ἀκριβέστερον				False
ἀκριβής				False
ἀκριβόω				False
ἀκριβῶς				False
ἀκροατήριον				False
ἀκροατής				False
ἀκροβυστία				False
ἀκρογωνιαῖος				False
ἀκροθίνιον				False
ἀκυρόω				False
ἀκωλύτως				False
ἀλάβαστρον				False
ἀλάβαστρος				False
ἀλάλητος				False
ἀλέκτωρ				False
ἀλήθεια				False
ἀλήθω				False
ἀλίσγημα				False
ἀλαζονεία				False
ἀλαζών				False
ἀλαλάζω				False
ἀλείφω				False
ἀλεκτοροφωνία				False
ἀληθής				False
ἀληθεύω				False
ἀληθινός				False
ἀληθῶς				False
ἀλλά				False
ἀλλάσσω				False
ἀλλήλων				False
ἀλλαχοῦ				False
ἀλλαχόθεν				False
ἀλληγορέω				False
ἀλλογενής				False
ἀλλοτριεπίσκοπος				False
ἀλλότριος				False
ἀλλόφυλος				False
ἀλοάω				False
ἀλυπότερος				False
ἀλυσιτελής				False
ἀλόη				False
ἀλώπηξ				False
ἀμάραντος				False
ἀμάρτυρος				False
ἀμάω				False
ἀμέθυστος				False
ἀμέμπτως				False
ἀμέριμνος				False
ἀμήν				False
ἀμήτωρ				False
ἀμίαντος				False
ἀμαθής				False
ἀμαράντινος				False
ἀμελέω				False
ἀμετάθετος				False
ἀμετακίνητος				False
ἀμεταμέλητος				False
ἀμετανόητος				False
ἀμνός				False
ἀμοιβή				False
ἀμπελουργός				False
ἀμπελών				False
ἀμφίβληστρον				False
ἀμφιάζω				False
ἀμφιέννυμι				False
ἀμφιβάλλω				False
ἀμφότεροι				False
ἀμύνομαι				False
ἀμώμητος				False
ἀνά				False
ἀνάβλεψις				False
ἀνάγαιον				False
ἀνάγκη				False
ἀνάγνωσις				False
ἀνάγω				False
ἀνάδειξις				False
ἀνάθεμα				False
ἀνάκειμαι				False
ἀνάκρισις				False
ἀνάλημψις				False
ἀνάλυσις				False
ἀνάμνησις				False
ἀνάξιος				False
ἀνάπαυσις				False
ἀνάπηρος				False
ἀνάπτω				False
ἀνάστασις				False
ἀνάχυσις				False
ἀνάψυξις				False
ἀνέγκλητος				False
ἀνέκλειπτος				False
ἀνέλεος				False
ἀνένδεκτος				False
ἀνέρχομαι				False
ἀνέχομαι				False
ἀνήκω				False
ἀνήμερος				False
ἀνήρ				False
ἀνίημι				False
ἀνίστημι				False
ἀναίδεια				False
ἀναίρεσις				False
ἀναίτιος				False
ἀναβάλλομαι				False
ἀναβαίνω				False
ἀναβαθμός				False
ἀναβιβάζω				False
ἀναβλέπω				False
ἀναβοάω				False
ἀναβολή				False
ἀναγγέλλω				False
ἀναγεννάω				False
ἀναγινώσκω				False
ἀναγκάζω				False
ἀναγκαστῶς				False
ἀναγκαῖος				False
ἀναγνωρίζομαι				False
ἀναδέχομαι				False
ἀναδίδωμι				False
ἀναδείκνυμι				False
ἀναζάω				False
ἀναζητέω				False
ἀναζωπυρέω				False
ἀναζώννυμι				False
ἀναθάλλω				False
ἀναθεματίζω				False
ἀναθεωρέω				False
ἀναιρέω				False
ἀνακάμπτω				False
ἀνακαίνωσις				False
ἀνακαθίζω				False
ἀνακαινίζω				False
ἀνακαινόω				False
ἀνακαλύπτω				False
ἀνακεφαλαιόω				False
ἀνακλίνω				False
ἀνακράζω				False
ἀνακρίνω				False
ἀνακύπτω				False
ἀναλίσκω				False
ἀναλαμβάνω				False
ἀναλογία				False
ἀναλογίζομαι				False
ἀναλύω				False
ἀναμάρτητος				False
ἀναμένω				False
ἀναμιμνῄσκω				False
ἀνανήφω				False
ἀνανεόω				False
ἀναντίρρητος				False
ἀναντιρρήτως				False
ἀναξίως				False
ἀναπέμπω				False
ἀναπίπτω				False
ἀναπαύω				False
ἀναπείθω				False
ἀναπηδάω				False
ἀναπληρόω				False
ἀναπολόγητος				False
ἀναπτύσσω				False
ἀναρίθμητος				False
ἀνασείω				False
ἀνασκευάζω				False
ἀνασπάω				False
ἀναστατόω				False
ἀνασταυρόω				False
ἀναστενάζω				False
ἀναστρέφω				False
ἀναστροφή				False
ἀνατάσσομαι				False
ἀνατέλλω				False
ἀνατίθεμαι				False
ἀνατολή				False
ἀνατρέπω				False
ἀνατρέφω				False
ἀναφέρω				False
ἀναφαίνω				False
ἀναφωνέω				False
ἀναχωρέω				False
ἀναψύχω				False
ἀνδρίζομαι				False
ἀνδραποδιστής				False
ἀνδροφόνος				False
ἀνεκδιήγητος				False
ἀνεκλάλητος				False
ἀνεκτός				False
ἀνελεήμων				False
ἀνεμίζομαι				False
ἀνεξίκακος				False
ἀνεξεραύνητος				False
ἀνεξιχνίαστος				False
ἀνεπίλημπτος				False
ἀνεπαίσχυντος				False
ἀνετάζω				False
ἀνευρίσκω				False
ἀνεψιός				False
ἀνεύθετος				False
ἀνθίστημι				False
ἀνθομολογέομαι				False
ἀνθρακιά				False
ἀνθρωπάρεσκος				False
ἀνθρωποκτόνος				False
ἀνθρώπινος				False
ἀνθύπατος				False
ἀνοίγω				False
ἀνοικοδομέω				False
ἀνομία				False
ἀνορθόω				False
ἀνοχή				False
ἀντάλλαγμα				False
ἀντέχομαι				False
ἀντί				False
ἀντίδικος				False
ἀντίθεσις				False
ἀντίκειμαι				False
ἀντίλημψις				False
ἀντίλυτρον				False
ἀντίτυπος				False
ἀντίχριστος				False
ἀνταγωνίζομαι				False
ἀνταναπληρόω				False
ἀνταποδίδωμι				False
ἀνταποκρίνομαι				False
ἀνταπόδομα				False
ἀνταπόδοσις				False
ἀντιβάλλω				False
ἀντιδιατίθεμαι				False
ἀντικαθίστημι				False
ἀντικαλέω				False
ἀντιλέγω				False
ἀντιλαμβάνομαι				False
ἀντιλογία				False
ἀντιλοιδορέω				False
ἀντιμετρέω				False
ἀντιμισθία				False
ἀντιπέρα				False
ἀντιπίπτω				False
ἀντιπαρέρχομαι				False
ἀντιστρατεύομαι				False
ἀντιτάσσομαι				False
ἀντλέω				False
ἀντοφθαλμέω				False
ἀνυπόκριτος				False
ἀνυπότακτος				False
ἀνωτερικός				False
ἀνωφελής				False
ἀνόητος				False
ἀνόμως				False
ἀνόσιος				False
ἀνώτερον				False
ἀνώτερος				False
ἀξίνη				False
ἀξίως				False
ἀξιόω				False
ἀπάγχομαι				False
ἀπάγω				False
ἀπάντησις				False
ἀπάτη				False
ἀπάτωρ				False
ἀπέκδυσις				False
ἀπέναντι				False
ἀπέραντος				False
ἀπέρχομαι				False
ἀπέχω				False
ἀπαίδευτος				False
ἀπαίρω				False
ἀπαγγέλλω				False
ἀπαιτέω				False
ἀπαλγέω				False
ἀπαλλάσσω				False
ἀπαλλοτριόομαι				False
ἀπαντάω				False
ἀπαράβατος				False
ἀπαρασκεύαστος				False
ἀπαρνέομαι				False
ἀπαρτισμός				False
ἀπαρχή				False
ἀπατάω				False
ἀπαύγασμα				False
ἀπείθεια				False
ἀπείραστος				False
ἀπειθέω				False
ἀπειθής				False
ἀπειλέω				False
ἀπειλή				False
ἀπεκδέχομαι				False
ἀπεκδύομαι				False
ἀπελαύνω				False
ἀπελεγμός				False
ἀπελεύθερος				False
ἀπελπίζω				False
ἀπερίτμητος				False
ἀπερισπάστως				False
ἀπεῖπον				False
ἀπιστέω				False
ἀπιστία				False
ἀποβάλλω				False
ἀποβαίνω				False
ἀποβλέπω				False
ἀποβολή				False
ἀπογίνομαι				False
ἀπογράφω				False
ἀπογραφή				False
ἀποδέχομαι				False
ἀποδίδωμι				False
ἀποδείκνυμι				False
ἀποδεκατόω				False
ἀποδημέω				False
ἀποδιορίζω				False
ἀποδοκιμάζω				False
ἀποδοχή				False
ἀποθήκη				False
ἀποθησαυρίζω				False
ἀποθλίβω				False
ἀποθνῄσκω				False
ἀποκάλυψις				False
ἀποκαθίστημι				False
ἀποκαλύπτω				False
ἀποκαραδοκία				False
ἀποκατάστασις				False
ἀποκαταλλάσσω				False
ἀποκεφαλίζω				False
ἀποκλείω				False
ἀποκρίνομαι				False
ἀποκρύπτω				False
ἀποκτείνω				False
ἀποκυέω				False
ἀποκυλίω				False
ἀποκόπτω				False
ἀπολαμβάνω				False
ἀπολείπω				False
ἀπολογέομαι				False
ἀπολογία				False
ἀπολούομαι				False
ἀπολύτρωσις				False
ἀπολύω				False
ἀπομάσσομαι				False
ἀπονέμω				False
ἀπονίπτω				False
ἀποπίπτω				False
ἀποπλέω				False
ἀποπλανάω				False
ἀποπνίγω				False
ἀπορέω				False
ἀπορία				False
ἀπορίπτω				False
ἀπορφανίζω				False
ἀποσκίασμα				False
ἀποσπάω				False
ἀποστάσιον				False
ἀποστέλλω				False
ἀποστασία				False
ἀποστεγάζω				False
ἀποστερέω				False
ἀποστολή				False
ἀποστοματίζω				False
ἀποστρέφω				False
ἀποστυγέω				False
ἀποσυνάγωγος				False
ἀποτάσσομαι				False
ἀποτίθημι				False
ἀποτίνω				False
ἀποτελέω				False
ἀποτινάσσω				False
ἀποτολμάω				False
ἀποτομία				False
ἀποτρέπομαι				False
ἀποτόμως				False
ἀπουσία				False
ἀποφέρω				False
ἀποφεύγω				False
ἀποφθέγγομαι				False
ἀποφορτίζομαι				False
ἀποχωρέω				False
ἀποχωρίζομαι				False
ἀποψύχω				False
ἀπροσωπολήμπτως				False
ἀπρόσιτος				False
ἀπρόσκοπος				False
ἀπωθέομαι				False
ἀπό				False
ἀπόβλητος				False
ἀπόδειξις				False
ἀπόδεκτος				False
ἀπόδημος				False
ἀπόθεσις				False
ἀπόκειμαι				False
ἀπόκριμα				False
ἀπόκρισις				False
ἀπόκρυφος				False
ἀπόλαυσις				False
ἀπόλλυμι				False
ἀπόστολος				False
ἀπόχρησις				False
ἀπώλεια				False
ἀρά				False
ἀρέσκω				False
ἀρήν				False
ἀργέω				False
ἀργυροκόπος				False
ἀργυροῦς				False
ἀργός				False
ἀργύριον				False
ἀρεσκεία				False
ἀρεστός				False
ἀρετή				False
ἀριθμέω				False
ἀριθμός				False
ἀριστάω				False
ἀριστερός				False
ἀρκέω				False
ἀρκετός				False
ἀρνέομαι				False
ἀρνίον				False
ἀροτριάω				False
ἀρραβών				False
ἀρσενοκοίτης				False
ἀρτέμων				False
ἀρτιγέννητος				False
ἀρτύω				False
ἀρχάγγελος				False
ἀρχή				False
ἀρχαῖος				False
ἀρχηγός				False
ἀρχιερατικός				False
ἀρχιερεύς				False
ἀρχιποίμην				False
ἀρχισυνάγωγος				False
ἀρχιτέκτων				False
ἀρχιτελώνης				False
ἀρχιτρίκλινος				False
ἀσάλευτος				False
ἀσέβεια				False
ἀσέλγεια				False
ἀσεβέω				False
ἀσεβής				False
ἀσθένεια				False
ἀσθένημα				False
ἀσθενέω				False
ἀσθενής				False
ἀσιτία				False
ἀσκέω				False
ἀσκός				False
ἀσμένως				False
ἀσπάζομαι				False
ἀσπίς				False
ἀσπασμός				False
ἀσσάριον				False
ἀστήρ				False
ἀστήρικτος				False
ἀστατέω				False
ἀστεῖος				False
ἀστοχέω				False
ἀστράπτω				False
ἀστραπή				False
ἀσφάλεια				False
ἀσφαλής				False
ἀσφαλίζω				False
ἀσφαλῶς				False
ἀσχήμων				False
ἀσχημονέω				False
ἀσχημοσύνη				False
ἀσωτία				False
ἀσύμφωνος				False
ἀσύνετος				False
ἀσύνθετος				False
ἀσώτως				False
ἀτάκτως				False
ἀτακτέω				False
ἀτενίζω				False
ἀτιμάζω				False
ἀτιμία				False
ἀτμίς				False
ἀφίημι				False
ἀφίσταμαι				False
ἀφαιρέω				False
ἀφανής				False
ἀφανίζω				False
ἀφανισμός				False
ἀφεδρών				False
ἀφειδία				False
ἀφελότης				False
ἀφθαρσία				False
ἀφθορία				False
ἀφικνέομαι				False
ἀφιλάγαθος				False
ἀφιλάργυρος				False
ἀφομοιόω				False
ἀφοράω				False
ἀφορίζω				False
ἀφορμή				False
ἀφρίζω				False
ἀφροσύνη				False
ἀφρός				False
ἀφυπνόω				False
ἀφυστερέω				False
ἀφόβως				False
ἀχάριστος				False
ἀχειροποίητος				False
ἀχλύς				False
ἀχρειόομαι				False
ἀχρεῖος				False
ἀψευδής				False
ἀόρατος				False
ἁγιάζω				False
ἁγιασμός				False
ἁγιωσύνη				False
ἁγιότης				False
ἁγνίζω				False
ἁγνεία				False
ἁγνισμός				False
ἁγνός				False
ἁγνότης				False
ἁγνῶς				False
ἁδρότης				False
ἁλίζω				False
ἁλιεύς				False
ἁλιεύω				False
ἁλληλουϊά				False
ἁλυκός				False
ἁμάρτημα				False
ἁμαρτάνω				False
ἁμαρτία				False
ἁμαρτωλός				False
ἁπαλός				False
ἁπλοῦς				False
ἁπλότης				False
ἁπλῶς				False
ἁρμόζομαι				False
ἁρμός				False
ἁρπάζω				False
ἁρπαγή				False
ἁρπαγμός				False
ἁφή				False
ἄβυσσος				False
ἄγαμος				False
ἄγγελος				False
ἄγγος				False
ἄγε				False
ἄγκιστρον				False
ἄγκυρα				False
ἄγναφος				False
ἄγνοια				False
ἄγνωστος				False
ἄγρα				False
ἄγριος				False
ἄγω				False
ἄδηλος				False
ἄδικος				False
ἄδολος				False
ἄζυμος				False
ἄθεος				False
ἄθεσμος				False
ἄθλησις				False
ἄκακος				False
ἄκανθα				False
ἄκαρπος				False
ἄκρατος				False
ἄκρον				False
ἄκων				False
ἄλαλος				False
ἄλευρον				False
ἄλλος				False
ἄλλως				False
ἄλογος				False
ἄμαχος				False
ἄμεμπτος				False
ἄμετρος				False
ἄμμος				False
ἄμπελος				False
ἄμφοδον				False
ἄμωμον				False
ἄμωμος				False
ἄν				False
ἄναλος				False
ἄνεμος				False
ἄνεσις				False
ἄνευ				False
ἄνηθον				False
ἄνθος				False
ἄνθραξ				False
ἄνθρωπος				False
ἄνιπτος				False
ἄνοια				False
ἄνοιξις				False
ἄνομος				False
ἄντικρυς				False
ἄντλημα				False
ἄνυδρος				False
ἄνω				False
ἄνωθεν				False
ἄξιος				False
ἄπειμι				False
ἄπειρος				False
ἄπιστος				False
ἄπταιστος				False
ἄρα				False
ἄραφος				False
ἄργυρος				False
ἄριστον				False
ἄρκος				False
ἄροτρον				False
ἄρρητος				False
ἄρρωστος				False
ἄρσην				False
ἄρτι				False
ἄρτιος				False
ἄρτος				False
ἄρχω				False
ἄρχων				False
ἄρωμα				False
ἄσβεστος				False
ἄσημος				False
ἄσιτος				False
ἄσοφος				False
ἄσπιλος				False
ἄσπονδος				False
ἄστοργος				False
ἄστρον				False
ἄτακτος				False
ἄτεκνος				False
ἄτερ				False
ἄτιμος				False
ἄτομος				False
ἄτοπος				False
ἄφαντος				False
ἄφεσις				False
ἄφθαρτος				False
ἄφιξις				False
ἄφνω				False
ἄφρων				False
ἄφωνος				False
ἄχρηστος				False
ἄχρι				False
ἄχρις				False
ἄχυρον				False
ἄψινθος				False
ἄψυχος				False
ἅγιος				False
ἅλα				False
ἅλας				False
ἅλλομαι				False
ἅλυσις				False
ἅλων				False
ἅλωσις				False
ἅμα				False
ἅπαξ				False
ἅπας				False
ἅπτω				False
ἅρμα				False
ἅρπαξ				False
ἆρα				False
ἆσσον				False
Ἀαρών				False
Ἀβαδδών				False
Ἀβιά				False
Ἀβιαθάρ				False
Ἀβιληνή				False
Ἀβιούδ				False
Ἀβραάμ				False
Ἀγρίππας				False
Ἀδάμ				False
Ἀδδί				False
Ἀδμίν				False
Ἀδρίας				False
Ἀδραμυττηνός				False
Ἀζώρ				False
Ἀθηναῖος				False
Ἀθῆναι				False
Ἀκύλας				False
Ἀλέξανδρος				False
Ἀλεξανδρεύς				False
Ἀλεξανδρῖνος				False
Ἀμιναδάβ				False
Ἀμπλιᾶτος				False
Ἀμφίπολις				False
Ἀμώς				False
Ἀνδρέας				False
Ἀνδρόνικος				False
Ἀντιοχεύς				False
Ἀντιπατρίς				False
Ἀντιπᾶς				False
Ἀντιόχεια				False
Ἀπελλῆς				False
Ἀπολλωνία				False
Ἀπολλύων				False
Ἀπολλῶς				False
Ἀππίου				False
Ἀπφία				False
Ἀράμ				False
Ἀρίσταρχος				False
Ἀραβία				False
Ἀρεοπαγίτης				False
Ἀριστόβουλος				False
Ἀρνί				False
Ἀρτεμᾶς				False
Ἀρφαξάδ				False
Ἀρχέλαος				False
Ἀσάφ				False
Ἀσήρ				False
Ἀσία				False
Ἀσιάρχης				False
Ἀσιανός				False
Ἀσύγκριτος				False
Ἀττάλεια				False
Ἀχάζ				False
Ἀχίμ				False
Ἀχαΐα				False
Ἀχαϊκός				False
Ἁγάρ				False
Ἁκελδαμάχ				False
Ἁλφαῖος				False
Ἁνανίας				False
Ἁρέτας				False
Ἁριμαθαία				False
Ἁρμαγεδών				False
Ἄζωτος				False
Ἄλφα				False
Ἄραψ				False
Ἄρειος				False
Ἄρτεμις				False
Ἄρχιππος				False
Ἅβελ				False
Ἅγαβος				False
Ἅννα				False
Ἅννας				False
Ἆσσος				False
ἐάν				False
ἐάνπερ				False
ἐάω				False
ἐγγίζω				False
ἐγγράφω				False
ἐγγύς				False
ἐγγύτερον				False
ἐγείρω				False
ἐγκάθετος				False
ἐγκαίνια				False
ἐγκαινίζω				False
ἐγκακέω				False
ἐγκαλέω				False
ἐγκαταλείπω				False
ἐγκατοικέω				False
ἐγκαυχάομαι				False
ἐγκεντρίζω				False
ἐγκομβόομαι				False
ἐγκοπή				False
ἐγκράτεια				False
ἐγκρίνω				False
ἐγκρατής				False
ἐγκρατεύομαι				False
ἐγκρύπτω				False
ἐγκόπτω				False
ἐγχρίω				False
ἐγώ				False
ἐδαφίζω				False
ἐθίζω				False
ἐθελοθρησκία				False
ἐθνάρχης				False
ἐθνικός				False
ἐθνικῶς				False
ἐκ				False
ἐκβάλλω				False
ἐκβαίνω				False
ἐκβολή				False
ἐκδέχομαι				False
ἐκδίδωμι				False
ἐκδίκησις				False
ἐκδαπανάομαι				False
ἐκδημέω				False
ἐκδιηγέομαι				False
ἐκδικέω				False
ἐκδιώκω				False
ἐκδοχή				False
ἐκδύω				False
ἐκεῖ				False
ἐκεῖθεν				False
ἐκεῖνος				False
ἐκεῖσε				False
ἐκζήτησις				False
ἐκζητέω				False
ἐκθαμβέομαι				False
ἐκθαυμάζω				False
ἐκκαίομαι				False
ἐκκαθαίρω				False
ἐκκεντέω				False
ἐκκλάω				False
ἐκκλίνω				False
ἐκκλείω				False
ἐκκλησία				False
ἐκκολυμβάω				False
ἐκκομίζω				False
ἐκκρέμαμαι				False
ἐκκόπτω				False
ἐκλάμπω				False
ἐκλέγομαι				False
ἐκλαλέω				False
ἐκλανθάνω				False
ἐκλείπω				False
ἐκλεκτός				False
ἐκλογή				False
ἐκλύομαι				False
ἐκμάσσω				False
ἐκμυκτηρίζω				False
ἐκνήφω				False
ἐκνεύω				False
ἐκπέμπω				False
ἐκπίπτω				False
ἐκπειράζω				False
ἐκπερισσῶς				False
ἐκπετάννυμι				False
ἐκπηδάω				False
ἐκπλέω				False
ἐκπλήρωσις				False
ἐκπλήσσομαι				False
ἐκπληρόω				False
ἐκπνέω				False
ἐκπορεύομαι				False
ἐκπορνεύω				False
ἐκπτύω				False
ἐκριζόω				False
ἐκστρέφομαι				False
ἐκτένεια				False
ἐκτίθημι				False
ἐκταράσσω				False
ἐκτείνω				False
ἐκτελέω				False
ἐκτενέστερον				False
ἐκτενής				False
ἐκτενῶς				False
ἐκτινάσσω				False
ἐκτρέπομαι				False
ἐκτρέφω				False
ἐκτός				False
ἐκφέρω				False
ἐκφεύγω				False
ἐκφοβέω				False
ἐκφύω				False
ἐκχέω				False
ἐκχωρέω				False
ἐκψύχω				False
ἐλάσσων				False
ἐλάχιστος				False
ἐλέγχω				False
ἐλαία				False
ἐλαιών				False
ἐλαττονέω				False
ἐλαττόω				False
ἐλαφρία				False
ἐλαφρός				False
ἐλαύνω				False
ἐλεάω				False
ἐλεήμων				False
ἐλεγμός				False
ἐλεεινός				False
ἐλεημοσύνη				False
ἐλευθερία				False
ἐλευθερόω				False
ἐλεφάντινος				False
ἐλεύθερος				False
ἐλλογέω				False
ἐλπίζω				False
ἐλπίς				False
ἐλωΐ				False
ἐμέω				False
ἐμαυτοῦ				False
ἐμβάλλω				False
ἐμβάπτω				False
ἐμβαίνω				False
ἐμβατεύω				False
ἐμβιβάζω				False
ἐμβλέπω				False
ἐμβριμάομαι				False
ἐμμένω				False
ἐμμαίνομαι				False
ἐμπίμπλημι				False
ἐμπίμπρημι				False
ἐμπίπτω				False
ἐμπαίζω				False
ἐμπαίκτης				False
ἐμπαιγμονή				False
ἐμπαιγμός				False
ἐμπεριπατέω				False
ἐμπλέκομαι				False
ἐμπλοκή				False
ἐμπνέω				False
ἐμπορία				False
ἐμπορεύομαι				False
ἐμπτύω				False
ἐμπόριον				False
ἐμφανής				False
ἐμφανίζω				False
ἐμφυσάω				False
ἐμός				False
ἐν				False
ἐνάλιον				False
ἐνάρχομαι				False
ἐνέδρα				False
ἐνέος				False
ἐνέργεια				False
ἐνέργημα				False
ἐνέχω				False
ἐνίστημι				False
ἐναγκαλίζομαι				False
ἐναντίον				False
ἐναντίος				False
ἐνδέχεται				False
ἐνδεής				False
ἐνδείκνυμι				False
ἐνδημέω				False
ἐνδιδύσκω				False
ἐνδοξάζομαι				False
ἐνδυναμόω				False
ἐνδύνω				False
ἐνδύω				False
ἐνδώμησις				False
ἐνεδρεύω				False
ἐνειλέω				False
ἐνενήκοντα				False
ἐνεργέω				False
ἐνεργής				False
ἐνευλογέω				False
ἐνθάδε				False
ἐνθυμέομαι				False
ἐνθύμησις				False
ἐνιαυτός				False
ἐνισχύω				False
ἐννέα				False
ἐννεύω				False
ἐνοικέω				False
ἐνορκίζω				False
ἐνοχλέω				False
ἐντέλλομαι				False
ἐνταφιάζω				False
ἐνταφιασμός				False
ἐντεῦθεν				False
ἐντολή				False
ἐντρέπω				False
ἐντρέφομαι				False
ἐντροπή				False
ἐντρυφάω				False
ἐντυγχάνω				False
ἐντυλίσσω				False
ἐντυπόω				False
ἐντόπιος				False
ἐντός				False
ἐνυβρίζω				False
ἐνυπνιάζομαι				False
ἐνωτίζομαι				False
ἐνύπνιον				False
ἐνώπιον				False
ἐξάγω				False
ἐξάλλομαι				False
ἐξάπινα				False
ἐξέλκω				False
ἐξέραμα				False
ἐξέρχομαι				False
ἐξίστημι				False
ἐξαίρω				False
ἐξαίφνης				False
ἐξαγγέλλω				False
ἐξαγοράζω				False
ἐξαιρέω				False
ἐξαιτέομαι				False
ἐξακολουθέω				False
ἐξαλείφω				False
ἐξανάστασις				False
ἐξανίστημι				False
ἐξανατέλλω				False
ἐξαπατάω				False
ἐξαπορέομαι				False
ἐξαποστέλλω				False
ἐξαρτίζω				False
ἐξαστράπτω				False
ἐξαυτῆς				False
ἐξεγείρω				False
ἐξεραυνάω				False
ἐξετάζω				False
ἐξηγέομαι				False
ἐξηχέομαι				False
ἐξισχύω				False
ἐξολεθρεύω				False
ἐξομολογέω				False
ἐξορκίζω				False
ἐξορκιστής				False
ἐξορύσσω				False
ἐξουδενέω				False
ἐξουθενέω				False
ἐξουσία				False
ἐξουσιάζω				False
ἐξοχή				False
ἐξυπνίζω				False
ἐξωθέω				False
ἐξώτερος				False
ἐπάγγελμα				False
ἐπάγω				False
ἐπάν				False
ἐπάναγκες				False
ἐπάνω				False
ἐπάρατος				False
ἐπέκεινα				False
ἐπέρχομαι				False
ἐπέχω				False
ἐπί				False
ἐπίβλημα				False
ἐπίγειος				False
ἐπίγνωσις				False
ἐπίθεσις				False
ἐπίκειμαι				False
ἐπίλοιπος				False
ἐπίλυσις				False
ἐπίνοια				False
ἐπίορκος				False
ἐπίσημος				False
ἐπίσκοπος				False
ἐπίσταμαι				False
ἐπίστασις				False
ἐπίτροπος				False
ἐπαίρω				False
ἐπαγγέλλομαι				False
ἐπαγγελία				False
ἐπαγωνίζομαι				False
ἐπαθροίζομαι				False
ἐπαινέω				False
ἐπαισχύνομαι				False
ἐπαιτέω				False
ἐπακολουθέω				False
ἐπακούω				False
ἐπακροάομαι				False
ἐπανάγω				False
ἐπανέρχομαι				False
ἐπανίσταμαι				False
ἐπαναμιμνῄσκω				False
ἐπαναπαύομαι				False
ἐπανόρθωσις				False
ἐπαρκέω				False
ἐπαρχεία				False
ἐπαφρίζω				False
ἐπαύριον				False
ἐπεί				False
ἐπεγείρω				False
ἐπειδή				False
ἐπειδήπερ				False
ἐπεισέρχομαι				False
ἐπεισαγωγή				False
ἐπεκτείνομαι				False
ἐπενδύομαι				False
ἐπενδύτης				False
ἐπερωτάω				False
ἐπερώτημα				False
ἐπηρεάζω				False
ἐπιβάλλω				False
ἐπιβαίνω				False
ἐπιβαρέω				False
ἐπιβιβάζω				False
ἐπιβλέπω				False
ἐπιβουλή				False
ἐπιγίνομαι				False
ἐπιγαμβρεύω				False
ἐπιγινώσκω				False
ἐπιγράφω				False
ἐπιγραφή				False
ἐπιδέχομαι				False
ἐπιδίδωμι				False
ἐπιδείκνυμι				False
ἐπιδημέω				False
ἐπιδιατάσσομαι				False
ἐπιδιορθόω				False
ἐπιδύω				False
ἐπιείκεια				False
ἐπιεικής				False
ἐπιζητέω				False
ἐπιθανάτιος				False
ἐπιθυμέω				False
ἐπιθυμία				False
ἐπιθυμητής				False
ἐπικάλυμμα				False
ἐπικέλλω				False
ἐπικαθίζω				False
ἐπικαλέω				False
ἐπικαλύπτω				False
ἐπικατάρατος				False
ἐπικουρία				False
ἐπικρίνω				False
ἐπιλέγω				False
ἐπιλαμβάνομαι				False
ἐπιλανθάνομαι				False
ἐπιλείπω				False
ἐπιλείχω				False
ἐπιλησμονή				False
ἐπιλύω				False
ἐπιμέλεια				False
ἐπιμένω				False
ἐπιμαρτυρέω				False
ἐπιμελέομαι				False
ἐπιμελῶς				False
ἐπινεύω				False
ἐπιορκέω				False
ἐπιούσιος				False
ἐπιπίπτω				False
ἐπιπλήσσω				False
ἐπιποθέω				False
ἐπιποθία				False
ἐπιπορεύομαι				False
ἐπιπόθησις				False
ἐπιπόθητος				False
ἐπιράπτω				False
ἐπιρίπτω				False
ἐπισιτισμός				False
ἐπισκέπτομαι				False
ἐπισκευάζομαι				False
ἐπισκηνόω				False
ἐπισκιάζω				False
ἐπισκοπέω				False
ἐπισκοπή				False
ἐπισπάομαι				False
ἐπισπείρω				False
ἐπιστάτης				False
ἐπιστέλλω				False
ἐπιστήμων				False
ἐπιστηρίζω				False
ἐπιστολή				False
ἐπιστομίζω				False
ἐπιστρέφω				False
ἐπιστροφή				False
ἐπισυνάγω				False
ἐπισυναγωγή				False
ἐπισυντρέχω				False
ἐπισφαλής				False
ἐπισχύω				False
ἐπισωρεύω				False
ἐπιτάσσω				False
ἐπιτήδειος				False
ἐπιτίθημι				False
ἐπιταγή				False
ἐπιτελέω				False
ἐπιτιμάω				False
ἐπιτιμία				False
ἐπιτρέπω				False
ἐπιτροπή				False
ἐπιτυγχάνω				False
ἐπιφάνεια				False
ἐπιφέρω				False
ἐπιφαίνω				False
ἐπιφανής				False
ἐπιφαύσκω				False
ἐπιφωνέω				False
ἐπιφώσκω				False
ἐπιχέω				False
ἐπιχειρέω				False
ἐπιχορηγέω				False
ἐπιχορηγία				False
ἐπιχρίω				False
ἐποικοδομέω				False
ἐπονομάζομαι				False
ἐποπτεύω				False
ἐπουράνιος				False
ἐπόπτης				False
ἐρήμωσις				False
ἐρίζω				False
ἐρίφιον				False
ἐραυνάω				False
ἐργάζομαι				False
ἐργάτης				False
ἐργασία				False
ἐρείδω				False
ἐρεθίζω				False
ἐρεύγομαι				False
ἐρημία				False
ἐρημόομαι				False
ἐριθεία				False
ἐρυθρός				False
ἐρωτάω				False
ἐσθής				False
ἐσθίω				False
ἐσχάτως				False
ἐσώτερος				False
ἐφάλλομαι				False
ἐφάπαξ				False
ἐφήμερος				False
ἐφίστημι				False
ἐφευρετής				False
ἐφημερία				False
ἐφικνέομαι				False
ἐφοράω				False
ἐχθές				False
ἐχθρός				False
ἑαυτοῦ				False
ἑβδομήκοντα				False
ἑβδομηκοντάκις				False
ἑδραίωμα				False
ἑδραῖος				False
ἑκάστοτε				False
ἑκατοντάρχης				False
ἑκατονταετής				False
ἑκατονταπλασίων				False
ἑκατόν				False
ἑκατόνταρχος				False
ἑκουσίως				False
ἑκούσιος				False
ἑκών				False
ἑλίσσω				False
ἑλκόομαι				False
ἑνδέκατος				False
ἑνότης				False
ἑξήκοντα				False
ἑξακόσιοι				False
ἑξῆς				False
ἑορτάζω				False
ἑορτή				False
ἑπτά				False
ἑπτάκις				False
ἑπτακισχίλιοι				False
ἑρμηνεία				False
ἑρμηνεύω				False
ἑρπετόν				False
ἑσπέρα				False
ἑτέρως				False
ἑταῖρος				False
ἑτεροδιδασκαλέω				False
ἑτεροζυγέω				False
ἑτερόγλωσσος				False
ἑτοίμως				False
ἑτοιμάζω				False
ἑτοιμασία				False
ἔα				False
ἔγγυος				False
ἔγερσις				False
ἔγκλημα				False
ἔγκυος				False
ἔδαφος				False
ἔθνος				False
ἔθος				False
ἔκβασις				False
ἔκγονον				False
ἔκδηλος				False
ἔκδικος				False
ἔκδοτος				False
ἔκθαμβος				False
ἔκθετος				False
ἔκπαλαι				False
ἔκστασις				False
ἔκτρωμα				False
ἔκφοβος				False
ἔλαιον				False
ἔλεγξις				False
ἔλεγχος				False
ἔλεος				False
ἔλευσις				False
ἔμπορος				False
ἔμπροσθεν				False
ἔμφοβος				False
ἔμφυτος				False
ἔναντι				False
ἔνατος				False
ἔνδειγμα				False
ἔνδειξις				False
ἔνδικος				False
ἔνδοξος				False
ἔνδυμα				False
ἔνδυσις				False
ἔνειμι				False
ἔνθεν				False
ἔνι				False
ἔννοια				False
ἔννομος				False
ἔννυχα				False
ἔνοχος				False
ἔνταλμα				False
ἔντευξις				False
ἔντιμος				False
ἔντρομος				False
ἔξειμι				False
ἔξεστι(ν)				False
ἔξοδος				False
ἔξυπνος				False
ἔξω				False
ἔξωθεν				False
ἔοικα				False
ἔπαινος				False
ἔπαυλις				False
ἔπειμι				False
ἔπειτα				False
ἔπος				False
ἔργον				False
ἔρημος				False
ἔριον				False
ἔρις				False
ἔριφος				False
ἔρχομαι				False
ἔσθω				False
ἔσοπτρον				False
ἔσχατος				False
ἔσω				False
ἔσωθεν				False
ἔτι				False
ἔτος				False
ἔχθρα				False
ἔχιδνα				False
ἔχω				False
ἕβδομος				False
ἕκαστος				False
ἕκτος				False
ἕλκος				False
ἕλκω				False
ἕνδεκα				False
ἕνεκα				False
ἕνεκεν				False
ἕξ				False
ἕξις				False
ἕτερος				False
ἕτοιμος				False
ἕως				False
Ἐλαιῶν				False
Ἐλαμίτης				False
Ἐλεάζαρ				False
Ἐλιέζερ				False
Ἐλιακίμ				False
Ἐλιούδ				False
Ἐλισάβετ				False
Ἐλισαῖος				False
Ἐλμαδάμ				False
Ἐλύμας				False
Ἐμμανουήλ				False
Ἐμμαοῦς				False
Ἐνώς				False
Ἐπαίνετος				False
Ἐπαφρόδιτος				False
Ἐπαφρᾶς				False
Ἐπικούρειος				False
Ἐφέσιος				False
Ἐφραίμ				False
Ἑβραΐς				False
Ἑβραϊστί				False
Ἑβραῖος				False
Ἑζεκίας				False
Ἑλλάς				False
Ἑλληνίς				False
Ἑλληνικός				False
Ἑλληνιστής				False
Ἑλληνιστί				False
Ἑμμώρ				False
Ἑνώχ				False
Ἑρμογένης				False
Ἑρμᾶς				False
Ἑρμῆς				False
Ἑσλί				False
Ἑσρώμ				False
Ἔβερ				False
Ἔραστος				False
Ἔφεσος				False
Ἕλλην				False
ἠχέω				False
ἡγέομαι				False
ἡγεμονία				False
ἡγεμονεύω				False
ἡγεμών				False
ἡδέως				False
ἡδονή				False
ἡδύοσμον				False
ἡλίκος				False
ἡλικία				False
ἡμέρα				False
ἡμέτερος				False
ἡμιθανής				False
ἡμιώριον				False
ἡνίκα				False
ἡσυχάζω				False
ἡσυχία				False
ἡσύχιος				False
ἡττάομαι				False
ἤ				False
ἤδη				False
ἤπερ				False
ἤπιος				False
ἤρεμος				False
ἤτοι				False
ἥδιστα				False
ἥκω				False
ἥλιος				False
ἥμισυς				False
ἥσσων				False
ἥττημα				False
ἦθος				False
ἦχος				False
ἧλος				False
Ἠλί				False
Ἠλίας				False
Ἠσαΐας				False
Ἠσαῦ				False
Ἡρῳδίων				False
Ἡρῳδιάς				False
Ἡρῳδιανοί				False
Ἡρῴδης				False
Ἤρ				False
ἰάομαι				False
ἰατρός				False
ἰδιώτης				False
ἰδού				False
ἰκμάς				False
ἰουδαΐζω				False
ἰσάγγελος				False
ἰσχυρός				False
ἰσχύς				False
ἰσχύω				False
ἰσότης				False
ἰσότιμος				False
ἰσόψυχος				False
ἰχθύδιον				False
ἰχθύς				False
ἰός				False
ἰῶτα				False
ἱδρώς				False
ἱεράτευμα				False
ἱερατεία				False
ἱερατεύω				False
ἱερεύς				False
ἱεροπρεπής				False
ἱεροσυλέω				False
ἱερουργέω				False
ἱερωσύνη				False
ἱερόθυτος				False
ἱερόν				False
ἱερός				False
ἱερόσυλος				False
ἱκανός				False
ἱκανότης				False
ἱκανόω				False
ἱκετηρία				False
ἱλάσκομαι				False
ἱλαρός				False
ἱλαρότης				False
ἱλασμός				False
ἱλαστήριον				False
ἱμάς				False
ἱμάτιον				False
ἱματίζω				False
ἱματισμός				False
ἱνατί				False
ἱππεύς				False
ἱππικόν				False
ἱστορέω				False
ἴαμα				False
ἴασις				False
ἴασπις				False
ἴδε				False
ἴδιος				False
ἴσος				False
ἴσως				False
ἴχνος				False
ἵλεως				False
ἵνα				False
ἵππος				False
ἵστημι				False
ἶρις				False
Ἰάκωβος				False
Ἰάννης				False
Ἰάρετ				False
Ἰάσων				False
Ἰάϊρος				False
Ἰακώβ				False
Ἰαμβρῆς				False
Ἰανναί				False
Ἰδουμαία				False
Ἰεζάβελ				False
Ἰερεμίας				False
Ἰεριχώ				False
Ἰερουσαλήμ				False
Ἰεσσαί				False
Ἰεφθάε				False
Ἰεχονίας				False
Ἰησοῦς				False
Ἰκόνιον				False
Ἰλλυρικόν				False
Ἰορδάνης				False
Ἰουδαία				False
Ἰουδαϊκός				False
Ἰουδαϊκῶς				False
Ἰουδαϊσμός				False
Ἰουδαῖος				False
Ἰουλία				False
Ἰουνία				False
Ἰούδας				False
Ἰούλιος				False
Ἰοῦστος				False
Ἰσαάκ				False
Ἰσκαριώθ				False
Ἰσκαριώτης				False
Ἰσραήλ				False
Ἰσραηλίτης				False
Ἰσσαχάρ				False
Ἰταλία				False
Ἰταλικός				False
Ἰτουραῖος				False
Ἰωάννα				False
Ἰωάννης				False
Ἰωήλ				False
Ἰωαθάμ				False
Ἰωανάν				False
Ἰωβήδ				False
Ἰωβήλ				False
Ἰωδά				False
Ἰωνάμ				False
Ἰωνᾶς				False
Ἰωράμ				False
Ἰωρίμ				False
Ἰωσήφ				False
Ἰωσήχ				False
Ἰωσίας				False
Ἰωσαφάτ				False
Ἰωσῆς				False
Ἰόππη				False
Ἰώβ				False
Ἱεράπολις				False
Ἱεροσολυμίτης				False
Ἱεροσόλυμα				False
ὀγδοήκοντα				False
ὀδούς				False
ὀδυνάομαι				False
ὀδυρμός				False
ὀδύνη				False
ὀθόνη				False
ὀθόνιον				False
ὀκνέω				False
ὀκνηρός				False
ὀκταήμερος				False
ὀκτώ				False
ὀλίγος				False
ὀλίγως				False
ὀλιγοπιστία				False
ὀλιγωρέω				False
ὀλιγόπιστος				False
ὀλιγόψυχος				False
ὀλοθρευτής				False
ὀλοθρεύω				False
ὀλολύζω				False
ὀμνύω				False
ὀνάριον				False
ὀνίνημι				False
ὀνειδίζω				False
ὀνειδισμός				False
ὀνικός				False
ὀνομάζω				False
ὀξύς				False
ὀπή				False
ὀπίσω				False
ὀπτάνομαι				False
ὀπτασία				False
ὀπτός				False
ὀπώρα				False
ὀρέγομαι				False
ὀργή				False
ὀργίζομαι				False
ὀργίλος				False
ὀργυιά				False
ὀρεινός				False
ὀρθοποδέω				False
ὀρθοτομέω				False
ὀρθρίζω				False
ὀρθρινός				False
ὀρθός				False
ὀρθῶς				False
ὀρφανός				False
ὀρχέομαι				False
ὀρύσσω				False
ὀσμή				False
ὀστέον				False
ὀστράκινος				False
ὀσφῦς				False
ὀφείλημα				False
ὀφείλω				False
ὀφειλέτης				False
ὀφειλή				False
ὀφθαλμοδουλία				False
ὀφθαλμός				False
ὀφρῦς				False
ὀχλέομαι				False
ὀχλοποιέω				False
ὀχύρωμα				False
ὀψάριον				False
ὀψέ				False
ὀψία				False
ὀψώνιον				False
ὁ				False
ὁδεύω				False
ὁδηγέω				False
ὁδηγός				False
ὁδοιπορέω				False
ὁδοιπορία				False
ὁδός				False
ὁλοκαύτωμα				False
ὁλοκληρία				False
ὁλοτελής				False
ὁλόκληρος				False
ὁμίχλη				False
ὁμείρομαι				False
ὁμιλέω				False
ὁμιλία				False
ὁμοίωμα				False
ὁμοίως				False
ὁμοίωσις				False
ὁμοθυμαδόν				False
ὁμοιάζω				False
ὁμοιοπαθής				False
ὁμοιότης				False
ὁμοιόω				False
ὁμολογέω				False
ὁμολογία				False
ὁμολογουμένως				False
ὁμοῦ				False
ὁμότεχνος				False
ὁμόφρων				False
ὁπλίζομαι				False
ὁποῖος				False
ὁπότε				False
ὁράω				False
ὁρίζω				False
ὁρατός				False
ὁρκίζω				False
ὁρκωμοσία				False
ὁρμάω				False
ὁρμή				False
ὁροθεσία				False
ὁσάκις				False
ὁσίως				False
ὁσιότης				False
ὄγδοος				False
ὄγκος				False
ὄζω				False
ὄλεθρος				False
ὄλυνθος				False
ὄμβρος				False
ὄμμα				False
ὄναρ				False
ὄνειδος				False
ὄνομα				False
ὄνος				False
ὄντως				False
ὄξος				False
ὄπισθεν				False
ὄρεξις				False
ὄρθρος				False
ὄρνεον				False
ὄρνις				False
ὄρος				False
ὄσφρησις				False
ὄφελον				False
ὄφελος				False
ὄφις				False
ὄχλος				False
ὄψιμος				False
ὄψις				False
ὅδε				False
ὅθεν				False
ὅλος				False
ὅλως				False
ὅμοιος				False
ὅμως				False
ὅπλον				False
ὅπου				False
ὅπως				False
ὅραμα				False
ὅρασις				False
ὅριον				False
ὅρκος				False
ὅρμημα				False
ὅς				False
ὅσιος				False
ὅσος				False
ὅστις				False
ὅταν				False
ὅτε				False
ὅτι				False
Ὀζίας				False
Ὀλυμπᾶς				False
Ὀνήσιμος				False
Ὀνησίφορος				False
ὑάκινθος				False
ὑάλινος				False
ὑακίνθινος				False
ὑβρίζω				False
ὑβριστής				False
ὑγιής				False
ὑγιαίνω				False
ὑγρός				False
ὑδρία				False
ὑδροποτέω				False
ὑδρωπικός				False
ὑετός				False
ὑμέτερος				False
ὑμνέω				False
ὑπάγω				False
ὑπάντησις				False
ὑπάρχω				False
ὑπέρ				False
ὑπέρακμος				False
ὑπέρογκος				False
ὑπέχω				False
ὑπήκοος				False
ὑπακοή				False
ὑπακούω				False
ὑπαντάω				False
ὑπείκω				False
ὑπεναντίος				False
ὑπεράνω				False
ὑπερέκεινα				False
ὑπερέχω				False
ὑπερήφανος				False
ὑπεραίρομαι				False
ὑπεραυξάνω				False
ὑπερβάλλω				False
ὑπερβαλλόντως				False
ὑπερβολή				False
ὑπερεκπερισσοῦ				False
ὑπερεκτείνω				False
ὑπερεκχύννομαι				False
ὑπερεντυγχάνω				False
ὑπερηφανία				False
ὑπερλίαν				False
ὑπερνικάω				False
ὑπεροράω				False
ὑπεροχή				False
ὑπερπερισσεύω				False
ὑπερπερισσῶς				False
ὑπερπλεονάζω				False
ὑπερυψόω				False
ὑπερφρονέω				False
ὑπερῷον				False
ὑπηρέτης				False
ὑπηρετέω				False
ὑποβάλλω				False
ὑπογραμμός				False
ὑποδέομαι				False
ὑποδέχομαι				False
ὑποδείκνυμι				False
ὑποζύγιον				False
ὑποζώννυμι				False
ὑποκάτω				False
ὑποκρίνομαι				False
ὑποκριτής				False
ὑπολήνιον				False
ὑπολαμβάνω				False
ὑπολείπω				False
ὑπολιμπάνω				False
ὑπομένω				False
ὑπομιμνῄσκω				False
ὑπομονή				False
ὑπονοέω				False
ὑποπλέω				False
ὑποπνέω				False
ὑποπόδιον				False
ὑποστέλλω				False
ὑποστολή				False
ὑποστρέφω				False
ὑποστρωννύω				False
ὑποτάσσω				False
ὑποτίθημι				False
ὑποταγή				False
ὑποτρέχω				False
ὑποτύπωσις				False
ὑποφέρω				False
ὑποχωρέω				False
ὑπωπιάζω				False
ὑπό				False
ὑπόδειγμα				False
ὑπόδημα				False
ὑπόδικος				False
ὑπόκρισις				False
ὑπόλειμμα				False
ὑπόμνησις				False
ὑπόνοια				False
ὑπόστασις				False
ὑστέρημα				False
ὑστέρησις				False
ὑστερέω				False
ὑφαντός				False
ὑψηλοφρονέω				False
ὑψηλός				False
ὑψόω				False
ὕαλος				False
ὕβρις				False
ὕδωρ				False
ὕλη				False
ὕμνος				False
ὕπανδρος				False
ὕπαρξις				False
ὕπνος				False
ὕσσωπος				False
ὕστερον				False
ὕστερος				False
ὕψιστος				False
ὕψος				False
ὕψωμα				False
ὗς				False
Ὑμέναιος				False
ὠδίν				False
ὠδίνω				False
ὠνέομαι				False
ὠρύομαι				False
ὠτάριον				False
ὠτίον				False
ὠφέλεια				False
ὠφέλιμος				False
ὠφελέω				False
ὡραῖος				False
ὡς				False
ὡσαννά				False
ὡσαύτως				False
ὡσεί				False
ὡσπερεί				False
ὥρα				False
ὥσπερ				False
ὥστε				False
ὦμος				False
ὧδε				False
Ὡσηέ				False
Ὦ				False
ᾄδω				False
ᾅδης				False
ᾠδή				False
ᾠόν				False
ῥάβδος				False
ῥάκος				False
ῥάπισμα				False
ῥέω				False
ῥήγνυμι				False
ῥήτωρ				False
ῥίζα				False
ῥίπτω				False
ῥαββί				False
ῥαβδίζω				False
ῥαβδοῦχος				False
ῥακά				False
ῥαντίζω				False
ῥαντισμός				False
ῥαπίζω				False
ῥαφίς				False
ῥεδή				False
ῥητῶς				False
ῥιζόομαι				False
ῥιπή				False
ῥιπίζομαι				False
ῥοιζηδόν				False
ῥομφαία				False
ῥυπαρία				False
ῥυπαρεύω				False
ῥυπαρός				False
ῥυτίς				False
ῥύμη				False
ῥύομαι				False
ῥύπος				False
ῥύσις				False
ῥώννυμαι				False
ῥᾳδιουργία				False
ῥᾳδιούργημα				False
ῥῆγμα				False
ῥῆμα				False
Ῥήγιον				False
Ῥαάβ				False
Ῥαγαύ				False
Ῥαιφάν				False
Ῥαμά				False
Ῥαχάβ				False
Ῥαχήλ				False
Ῥεβέκκα				False
Ῥησά				False
Ῥοβοάμ				False
Ῥουβήν				False
Ῥούθ				False
Ῥοῦφος				False
Ῥωμαϊστί				False
Ῥωμαῖος				False
Ῥόδη				False
Ῥόδος				False
Ῥώμη				False
