n	lemma	count	status	approvals
1	ὁ	19795		
2	καί	8973		
3	αὐτός	5059		
4	σύ	2894		
5	δέ	2766		
6	ἐν	2737		
7	ἐγώ	2572		
8	εἰμί	2456		
9	λέγω	2335		
10	εἰς	1759		
11	οὐ	1605		
12	ὅς	1408		
13	οὗτος	1387		
14	θεός	1307		
15	ὅτι	1294		
16	πᾶς	1245		
17	γάρ	1039		
18	μή	1037		
19	ἐκ	913		
20	Ἰησοῦς	911		
21	ἐπί	885		
22	ἑαυτοῦ	823		
23	κύριος	713		
24	ἔχω	707		
25	πρός	698		
26	γίνομαι	667		
27	διά	666		
28	ἵνα	663		
29	ἀπό	644		
30	ἀλλά	638		
31	ἔρχομαι	630		
32	ποιέω	568		
33	τίς	559		
34	ἄνθρωπος	550		
35	Χριστός	528		
36	τις	525		
37	ὡς	504		
38	εἰ	502		
39	οὖν	495		
40	ὁράω	476		
41	μετά	470		
42	κατά	469		
43	ἀκούω	427		
44	πολύς	415		
45	δίδωμι	415		
46	πατήρ	413		
47	ἡμέρα	389		
48	πνεῦμα	379		
49	υἱός	375		
50	ἤ	346		
51	εἷς	344		
52	ἀδελφός	342		
53	περί	332		
54	ἐάν	331		
55	λόγος	330		
56	λαλέω	297		
57	οἶδα	296		
58	οὐρανός	273		
59	μαθητής	262		
60	λαμβάνω	258		
61	γῆ	250		
62	ἐκεῖνος	243		
63	πίστις	242		
64	πιστεύω	241		
65	μέγας	240		
66	ἅγιος	233		
67	ἀποκρίνομαι	232		
68	οὐδείς	232		
69	ὄνομα	229		
70	ὑπό	221		
71	γινώσκω	221		
72	ἀνήρ	216		
73	ἐξέρχομαι	216		
74	τέ	213		
75	γυνή	212		
76	δύναμαι	209		
77	θέλω	208		
78	οὕτω(ς)	207		
79	ἰδού	200		
80	Ἰουδαῖος	194		
81	παρά	193		
82	εἰσέρχομαι	193		
83	νόμος	193		
84	γράφω	191		
85	κόσμος	185		
86	καθώς	182		
87	μέν	178		
88	εὑρίσκω	176		
89	χείρ	176		
90	ἄγγελος	175		
91	ὄχλος	174		
92	ἁμαρτία	172		
93	ἄν	171		
94	ἔργον	169		
95	δόξα	165		
96	πόλις	162		
97	βασιλεία	162		
98	ἔθνος	160		
99	τότε	159		
100	Παῦλος	158		
101	ἐσθίω	157		
102	Πέτρος	156		
103	καρδία	156		
104	χάρις	155		
105	ἵστημι	154		
106	ἄλλος	154		
107	πρῶτος	154		
108	πορεύομαι	150		
109	ὑπέρ	150		
110	καλέω	148		
111	σάρξ	147		
112	ἕως	145		
113	νῦν	145		
114	προφήτης	144		
115	ὅστις	144		
116	ἐγείρω	143		
117	ἀφίημι	143		
118	ἀγαπάω	143		
119	οὐδέ	142		
120	σῶμα	142		
121	λαός	141		
122	ζάω	140		
123	φωνή	139		
124	πάλιν	139		
125	δέω	138		
126	Ἰωάννης	135		
127	δύο	135		
128	ζωή	135		
129	βλέπω	133		
130	ἀποστέλλω	132		
131	σύν	129		
132	ἀμήν	128		
133	νεκρός	128		
134	δοῦλος	126		
135	ὅταν	123		
136	ἀρχιερεύς	122		
137	αἰών	122		
138	βάλλω	121		
139	θάνατος	120		
140	παραδίδωμι	119		
141	δύναμις	119		
142	μένω	118		
143	ζητέω	117		
144	ἀπέρχομαι	117		
145	ἀγάπη	116		
146	βασιλεύς	115		
147	κρίνω	115		
148	ἴδιος	114		
149	ἐκκλησία	114		
150	οἶκος	113		
151	ὅσος	111		
152	ἀποθνῄσκω	111		
153	μόνος	110		
154	μέλλω	109		
155	παρακαλέω	109		
156	ἀλήθεια	109		
157	ὅλος	108		
158	ἀνίστημι	108		
159	σῴζω	106		
160	ὥρα	106		
161	πῶς	103		
162	ψυχή	102		
163	ὅτε	102		
164	ἐξουσία	102		
165	ὁδός	101		
166	καλός	101		
167	αἴρω	101		
168	ἀγαθός	101		
169	τίθημι	100		
170	ὀφθαλμός	100		
171	ἀλλήλων	100		
172	τέκνον	99		
173	γεννάω	97		
174	Φαρισαῖος	97		
175	ἄρτος	97		
176	ἕτερος	97		
177	αἷμα	97		
178	διδάσκω	96		
179	φοβέομαι	95		
180	ἐκεῖ	95		
181	περιπατέω	95		
182	τόπος	94		
183	ἐνώπιον	94		
184	οἰκία	93		
185	πούς	93		
186	ἔτι	93		
187	δικαιοσύνη	91		
188	κάθημαι	91		
189	μηδείς	91		
190	εἰρήνη	91		
191	πίπτω	90		
192	ἀπόλλυμι	90		
193	θάλασσα	90		
194	ἄρχω	89		
195	ἀκολουθέω	89		
196	ἑπτά	88		
197	οὔτε	87		
198	πληρόω	86		
199	προσέρχομαι	86		
200	προσεύχομαι	85		
201	καιρός	85		
202	μήτηρ	83		
203	κἀγώ	83		
204	ὥστε	83		
205	ἕκαστος	82		
206	ἀναβαίνω	81		
207	καταβαίνω	81		
208	ὅπου	81		
209	μᾶλλον	81		
210	ἐκβάλλω	81		
211	Μωϋσῆς	80		
212	δίκαιος	79		
213	πέμπω	79		
214	ὑπάγω	79		
215	ἀπόστολος	79		
216	στόμα	78		
217	πονηρός	78		
218	ἀνοίγω	77		
219	βαπτίζω	77		
220	σημεῖον	77		
221	ὕδωρ	76		
222	πρόσωπον	76		
223	ἐμός	76		
224	μαρτυρέω	76		
225	Ἰερουσαλήμ	76		
226	Σίμων	75		
227	εὐαγγέλιον	75		
228	κεφαλή	75		
229	δώδεκα	75		
230	χαίρω	74		
231	ἀποκτείνω	74		
232	Ἀβραάμ	73		
233	φῶς	72		
234	πίνω	72		
235	πῦρ	71		
236	τηρέω	71		
237	αἰτέω	70		
238	αἰώνιος	69		
239	Ἰσραήλ	68		
240	σάββατον	68		
241	ῥῆμα	67		
242	πλοῖον	67		
243	ἄγω	67		
244	τρεῖς	67		
245	πιστός	67		
246	καρπός	66		
247	ἐντολή	66		
248	φέρω	66		
249	ἀπολύω	65		
250	φημί	65		
251	πρεσβύτερος	65		
252	εἴτε	65		
253	Ἱεροσόλυμα	63		
254	ὄρος	63		
255	δαιμόνιον	63		
256	γραμματεύς	62		
257	δοκέω	62		
258	ἔξω	62		
259	θρόνος	62		
260	θέλημα	62		
261	ἐρωτάω	62		
262	νύξ	61		
263	Γαλιλαία	61		
264	κηρύσσω	61		
265	ἀγαπητός	61		
266	δοξάζω	61		
267	ὧδε	61		
268	προσκυνέω	60		
269	ἤδη	60		
270	ἱμάτιον	60		
271	ὑπάρχω	60		
272	Δαυίδ	59		
273	συνάγω	59		
274	χαρά	59		
275	εὐθύς	59		
276	ἀσπάζομαι	59		
277	λίθος	58		
278	διδάσκαλος	58		
279	θεωρέω	58		
280	μηδέ	57		
281	τοιοῦτος	57		
282	συναγωγή	56		
283	δέχομαι	56		
284	μέσος	56		
285	ἐπερωτάω	56		
286	κράζω	55		
287	τρίτος	55		
288	ἀρχή	55		
289	λοιπός	55		
290	Πιλᾶτος	55		
291	δεξιός	54		
292	εὐαγγελίζω	54		
293	χρόνος	53		
294	ὅπως	53		
295	οὐχί	53		
296	διό	53		
297	ἐλπίς	53		
298	παιδίον	52		
299	ἔσχατος	52		
300	σπείρω	52		
301	πείθω	52		
302	ἐπαγγελία	52		
303	ποῦ	51		
304	σοφία	51		
305	μακάριος	50		
306	τυφλός	50		
307	παραβολή	50		
308	κακός	50		
309	γλῶσσα	50		
310	παραλαμβάνω	49		
311	χρεία	49		
312	ἄρα	49		
313	ἔτος	49		
314	γραφή	49		
315	ἔρημος	48		
316	ἔμπροσθεν	48		
317	ἀποδίδωμι	48		
318	φανερόω	48		
319	προσφέρω	47		
320	πρό	47		
321	κρίσις	47		
322	φυλακή	47		
323	ἁμαρτωλός	47		
324	κρατέω	47		
325	φόβος	47		
326	οὐκέτι	47		
327	ἄχρι	47		
328	μικρός	46		
329	οὐαί	46		
330	σταυρόω	46		
331	θηρίον	46		
332	σωτηρία	46		
333	ἀπαγγέλλω	45		
334	καθίζω	45		
335	διώκω	45		
336	ὅμοιος	45		
337	θλῖψις	45		
338	ναός	45		
339	Ἰούδας	44		
340	Ἰουδαία	44		
341	κατοικέω	44		
342	ἱερός	44		
343	ἐπιγινώσκω	44		
344	δεύτερος	44		
345	γενεά	43		
346	Ἡρῴδης	43		
347	σεαυτοῦ	43		
348	θεραπεύω	43		
349	θαυμάζω	43		
350	σπέρμα	43		
351	φωνέω	43		
352	μέρος	42		
353	ἐγγίζω	42		
354	Ἰάκωβος	42		
355	λύω	42		
356	καινός	42		
357	χωρίς	42		
358	πάσχω	42		
359	ἁμαρτάνω	42		
360	ἀνάστασις	42		
361	ἄξιος	41		
362	σήμερον	41		
363	ὀλίγος	41		
364	ἐργάζομαι	41		
365	διέρχομαι	41		
366	εὐλογέω	41		
367	πάντοτε	41		
368	παρίστημι	41		
369	τιμή	41		
370	κλαίω	40		
371	ἑτοιμάζω	40		
372	ἱκανός	40		
373	μισέω	40		
374	οἰκοδομέω	40		
375	μνημεῖον	40		
376	τέλος	40		
377	τέσσαρες	40		
378	λογίζομαι	40		
379	περισσεύω	39		
380	θύρα	39		
381	πρόβατον	39		
382	ἅπτω	39		
383	ἐπιτίθημι	39		
384	δικαιόω	39		
385	πλανάω	39		
386	πέντε	38		
387	εὐχαριστέω	38		
388	ἐπιθυμία	38		
389	ὑποτάσσω	38		
390	πράσσω	38		
391	βούλομαι	37		
392	πειράζω	37		
393	διακονέω	37		
394	ἐμαυτοῦ	37		
395	ἄρχων	37		
396	μαρτυρία	37		
397	παραγίνομαι	36		
398	ὀργή	36		
399	ἄρτι	36		
400	Σατανᾶς	36		
401	ὥσπερ	36		
402	ἀγρός	36		
403	Φίλιππος	36		
404	ἐπιστρέφω	36		
405	οὖς	36		
406	καλῶς	36		
407	προσευχή	36		
408	περιτομή	36		
409	καυχάομαι	36		
410	Ἰωσήφ	35		
411	ὀπίσω	35		
412	διάβολος	35		
413	εὐθέως	35		
414	μάρτυς	35		
415	ὀφείλω	35		
416	ὑποστρέφω	35		
417	μετανοέω	34		
418	πτωχός	34		
419	μέλος	34		
420	μήτε	34		
421	βλασφημέω	34		
422	οἶνος	34		
423	ἀσθενέω	34		
424	βιβλίον	34		
425	διακονία	34		
426	ἐκπορεύομαι	33		
427	δείκνυμι	33		
428	ναί	33		
429	ἀρνέομαι	33		
430	ποῖος	33		
431	διαθήκη	33		
432	ἐλεάω	32		
433	ἐχθρός	32		
434	ἥλιος	32		
435	ἅπας	32		
436	ἀκάθαρτος	32		
437	παραγγέλλω	32		
438	πλήν	32		
439	ἀναγινώσκω	32		
440	δυνατός	32		
441	ὑπομονή	32		
442	φαίνω	31		
443	ἄνεμος	31		
444	καθαρίζω	31		
445	ἱερεύς	31		
446	ποτήριον	31		
447	ἔξεστι(ν)	31		
448	ἐλπίζω	31		
449	φυλάσσω	31		
450	φυλή	31		
451	ὁμοίως	31		
452	πλῆθος	31		
453	παρρησία	31		
454	συνείδησις	31		
455	συνέρχομαι	30		
456	σκανδαλίζω	30		
457	σκότος	30		
458	διδαχή	30		
459	ἐπικαλέω	30		
460	ἀγοράζω	30		
461	ἐγγύς	30		
462	ἴδε	30		
463	ἀρνίον	30		
464	φεύγω	29		
465	ἰσχυρός	29		
466	μισθός	29		
467	παρέρχομαι	29		
468	γαμέω	29		
469	ἐπιτιμάω	29		
470	προσκαλέομαι	29		
471	μάχαιρα	29		
472	Ἠλίας	29		
473	φίλος	29		
474	πόθεν	29		
475	διάκονος	29		
476	ἱερόν	29		
477	Καῖσαρ	29		
478	πάσχα	29		
479	γνῶσις	29		
480	παράκλησις	29		
481	ποτέ	29		
482	Μαρία	28		
483	ἡγέομαι	28		
484	χώρα	28		
485	ἰσχύω	28		
486	ἁγιάζω	28		
487	ἐνδύω	28		
488	προφητεύω	28		
489	τελέω	28		
490	θυσία	28		
491	θυγάτηρ	28		
492	πλούσιος	28		
493	ἀδικέω	28		
494	νικάω	28		
495	ἀληθινός	28		
496	Βαρναβᾶς	28		
497	Ἰακώβ	27		
498	βαστάζω	27		
499	ἐκεῖθεν	27		
500	πόσος	27		
501	κρίμα	27		
502	ἥκω	27		
503	ἔλεος	27		
504	ἐκχέω	27		
505	κώμη	27		
506	σταυρός	27		
507	καταργέω	27		
508	καθαρός	26		
509	ὀμνύω	26		
510	δουλεύω	26		
511	ὁμολογέω	26		
512	ἰάομαι	26		
513	στρατιώτης	26		
514	ἀποκαλύπτω	26		
515	μυστήριον	26		
516	Μαριάμ	26		
517	λυπέω	26		
518	οὔπω	26		
519	φρονέω	26		
520	ἐπεί	26		
521	ἀληθής	26		
522	ἀσθενής	26		
523	χήρα	26		
524	πνευματικός	26		
525	οὗ	25		
526	Αἴγυπτος	25		
527	ἀναιρέω	25		
528	δένδρον	25		
529	μήποτε	25		
530	πορνεία	25		
531	λευκός	25		
532	φιλέω	25		
533	σός	25		
534	κελεύω	25		
535	μανθάνω	25		
536	ἀναβλέπω	25		
537	ἀδελφή	25		
538	συνίημι	25		
539	νεφέλη	25		
540	δέκα	25		
541	ἑορτή	25		
542	πάρειμι	25		
543	ἀδικία	25		
544	Ἕλλην	25		
545	ἀστήρ	24		
546	παῖς	24		
547	κεῖμαι	24		
548	ἀκοή	24		
549	προσέχω	24		
550	ἀσθένεια	24		
551	πίμπλημι	24		
552	παρουσία	24		
553	σωτήρ	24		
554	γνωρίζω	24		
555	νοῦς	24		
556	ἐπιστολή	24		
557	Τιμόθεος	24		
558	ἀνάγω	23		
559	πεινάω	23		
560	καταλείπω	23		
561	πέραν	23		
562	θυσιαστήριον	23		
563	μιμνῄσκομαι	23		
564	θεάομαι	23		
565	κοπιάω	23		
566	περιβάλλω	23		
567	νέος	23		
568	σκεῦος	23		
569	κοιλία	23		
570	ἄπιστος	23		
571	ἐλεύθερος	23		
572	κωλύω	23		
573	ἀμπελών	23		
574	ἐκλεκτός	23		
575	εἰκών	23		
576	διότι	23		
577	τελειόω	23		
578	χαρίζομαι	23		
579	χιλιάς	23		
580	ζῷον	23		
581	ἀντί	22		
582	Ἠσαΐας	22		
583	μετάνοια	22		
584	τεσσεράκοντα	22		
585	συνέδριον	22		
586	καθεύδω	22		
587	πωλέω	22		
588	κατηγορέω	22		
589	πλοῦτος	22		
590	κἀκεῖνος	22		
591	γρηγορέω	22		
592	ἀγνοέω	22		
593	ἐκλέγομαι	22		
594	πληγή	22		
595	δοκιμάζω	22		
596	Μακεδονία	22		
597	κατεργάζομαι	22		
598	βασιλεύω	21		
599	εὐδοκέω	21		
600	λατρεύω	21		
601	στρέφω	21		
602	τελώνης	21		
603	πειρασμός	21		
604	θερίζω	21		
605	αὐξάνω	21		
606	ὑπακούω	21		
607	ἐνεργέω	21		
608	τιμάω	21		
609	διδασκαλία	21		
610	μνημονεύω	21		
611	μηκέτι	21		
612	καθίστημι	21		
613	χιλίαρχος	21		
614	ἐφίστημι	21		
615	Ἰσαάκ	20		
616	ἡγεμών	20		
617	προάγω	20		
618	ὡσεί	20		
619	νηστεύω	20		
620	ἕνεκεν	20		
621	ὑπηρέτης	20		
622	γέ	20		
623	ἰχθύς	20		
624	μαρτύριον	20		
625	τοσοῦτος	20		
626	γονεύς	20		
627	ὑψόω	20		
628	γένος	20		
629	σκηνή	20		
630	αἰτία	20		
631	ἀργύριον	20		
632	ξύλον	20		
633	τρέχω	20		
634	ἀκροβυστία	20		
635	νυνί	20		
636	ἐπίγνωσις	20		
637	ἐπάνω	19		
638	δῶρον	19		
639	βάπτισμα	19		
640	κρύπτω	19		
641	κριτής	19		
642	τέλειος	19		
643	ἀπέχω	19		
644	παράπτωμα	19		
645	μεριμνάω	19		
646	παλαιός	19		
647	σοφός	19		
648	προφητεία	19		
649	παρατίθημι	19		
650	ἐπιλαμβάνομαι	19		
651	διακρίνω	19		
652	ἐπαίρω	19		
653	πότε	19		
654	γεωργός	19		
655	κτίσις	19		
656	μήν	19		
657	ἐπουράνιος	19		
658	κοινωνία	19		
659	κρείττων	19		
660	τίκτω	18		
661	κληρονομέω	18		
662	προστίθημι	18		
663	ἀπώλεια	18		
664	ἐπιτρέπω	18		
665	ἐπιβάλλω	18		
666	ποιμήν	18		
667	μέχρι(ς)	18		
668	φανερός	18		
669	βλασφημία	18		
670	ἀληθῶς	18		
671	εἰσπορεύομαι	18		
672	πολλάκις	18		
673	ἐλέγχω	18		
674	παραχρῆμα	18		
675	οἰκοδομή	18		
676	πόλεμος	18		
677	κόπος	18		
678	πυλών	18		
679	στέφανος	18		
680	κοιμάομαι	18		
681	κενός	18		
682	δέησις	18		
683	θυμός	18		
684	ἀριθμός	18		
685	Ἀσία	18		
686	καταγγέλλω	18		
687	Ἀντιόχεια	18		
688	ταράσσω	17		
689	θησαυρός	17		
690	ποταμός	17		
691	ῥίζα	17		
692	σκοτία	17		
693	καταλύω	17		
694	οὔ	17		
695	πλησίον	17		
696	ὑποκριτής	17		
697	κρυπτός	17		
698	ῥύομαι	17		
699	νίπτω	17		
700	μήτι	17		
701	ἑκατοντάρχης	17		
702	ἐμβαίνω	17		
703	πλήρωμα	17		
704	ὑπομένω	17		
705	ἐξίστημι	17		
706	ἑκατόν	17		
707	ἀρέσκω	17		
708	βρῶμα	17		
709	ὦ	17		
710	Καισάρεια	17		
711	κερδαίνω	17		
712	ἀνάγκη	17		
713	ὡσαύτως	17		
714	ἕτοιμος	17		
715	ἄφεσις	17		
716	ἐπαύριον	17		
717	περιτέμνω	17		
718	ἀποκάλυψις	17		
719	κατέχω	17		
720	χάρισμα	17		
721	χρυσοῦς	17		
722	ἵππος	17		
723	τροφή	16		
724	Καφαρναούμ	16		
725	κακῶς	16		
726	διψάω	16		
727	ἐπιθυμέω	16		
728	κλείω	16		
729	κλέπτης	16		
730	οὐδέποτε	16		
731	ἐκτείνω	16		
732	νυμφίος	16		
733	ἐργάτης	16		
734	διατάσσω	16		
735	προσδοκάω	16		
736	κατακρίνω	16		
737	πλήρης	16		
738	διαλογίζομαι	16		
739	δηνάριον	16		
740	δεῖ	16		
741	ὑστερέω	16		
742	συκῆ	16		
743	κἄν	16		
744	γάμος	16		
745	τολμάω	16		
746	δεῖπνον	16		
747	τέρας	16		
748	παρέχω	16		
749	συλλαμβάνω	16		
750	δέσμιος	16		
751	ἀθετέω	16		
752	ἔπειτα	16		
753	λύπη	16		
754	ἀνακρίνω	16		
755	ζῆλος	16		
756	Ἔφεσος	16		
757	σφραγίς	16		
758	πάθημα	16		
759	εὐλογία	16		
760	παρθένος	15		
761	θρίξ	15		
762	Ἰορδάνης	15		
763	χορτάζω	15		
764	νομίζω	15		
765	συμφέρω	15		
766	ὁμοιόω	15		
767	χόρτος	15		
768	ἀπάγω	15		
769	ἀνομία	15		
770	πέτρα	15		
771	ποτίζω	15		
772	σαλεύω	15		
773	περισσότερος	15		
774	ὅθεν	15		
775	ξηραίνω	15		
776	σκάνδαλον	15		
777	ὠφελέω	15		
778	τράπεζα	15		
779	γεύομαι	15		
780	κτίζω	15		
781	λῃστής	15		
782	δέρω	15		
783	κληρονόμος	15		
784	ῥαββί	15		
785	οἰκουμένη	15		
786	προλέγω	15		
787	γυμνός	15		
788	σφραγίζω	15		
789	εἶτα	15		
790	δεσμός	15		
791	καταλαμβάνω	15		
792	ἐπαγγέλλομαι	15		
793	γνωστός	15		
794	κατέρχομαι	15		
795	παύω	15		
796	συνίστημι	15		
797	Λάζαρος	15		
798	διαμαρτύρομαι	15		
799	τύπος	15		
800	εὐσέβεια	15		
801	Σαῦλος	15		
802	Δαμασκός	15		
803	ἐπιμένω	15		
804	εὐχαριστία	15		
805	ἐλάχιστος	14		
806	ἀναχωρέω	14		
807	Σαδδουκαῖος	14		
808	σῖτος	14		
809	ἐντέλλομαι	14		
810	λύχνος	14		
811	μοιχεύω	14		
812	ἀνθίστημι	14		
813	πετεινόν	14		
814	αὔριον	14		
815	μέτρον	14		
816	κατανοέω	14		
817	ὄφις	14		
818	ἄκανθα	14		
819	φρόνιμος	14		
820	ὀψία	14		
821	σεισμός	14		
822	ἀνάκειμαι	14		
823	ἀμφότεροι	14		
824	κωφός	14		
825	χωλός	14		
826	ἁρπάζω	14		
827	νήπιος	14		
828	μερίζω	14		
829	κατεσθίω	14		
830	κλάω	14		
831	κοινόω	14		
832	νοέω	14		
833	διαλογισμός	14		
834	ἀνέχομαι	14		
835	ἀλλότριος	14		
836	ταπεινόω	14		
837	τάλαντον	14		
838	ἕκτος	14		
839	κληρονομία	14		
840	θύω	14		
841	οἷος	14		
842	ξένος	14		
843	μύρον	14		
844	μακρόθεν	14		
845	κοινός	14		
846	ἐπίσταμαι	14		
847	προσδέχομαι	14		
848	ἐξαποστέλλω	14		
849	ἀφίσταμαι	14		
850	ἐνιαυτός	14		
851	ἀτενίζω	14		
852	εὐφραίνω	14		
853	γράμμα	14		
854	ἀπειθέω	14		
855	ἀναγγέλλω	14		
856	πώς	14		
857	ὑπακοή	14		
858	φύσις	14		
859	μακροθυμία	14		
860	ἅπαξ	14		
861	πρίν	13		
862	ἐμπαίζω	13		
863	Ναζωραῖος	13		
864	Ἀνδρέας	13		
865	καταρτίζω	13		
866	δαιμονίζομαι	13		
867	καίω	13		
868	ἐλεημοσύνη	13		
869	κλέπτω	13		
870	διαφέρω	13		
871	ἐπιζητέω	13		
872	ἐκπλήσσομαι	13		
873	θερισμός	13		
874	ἀνά	13		
875	ζύμη	13		
876	παράδοσις	13		
877	ἕξ	13		
878	χωρίζω	13		
879	ὕψιστος	13		
880	ἔξωθεν	13		
881	τρόπος	13		
882	τύπτω	13		
883	παιδίσκη	13		
884	ἄνωθεν	13		
885	διαλέγομαι	13		
886	ἀναλαμβάνω	13		
887	θεμέλιος	13		
888	στηρίζω	13		
889	Μάρθα	13		
890	καταισχύνω	13		
891	παιδεύω	13		
892	καπνός	13		
893	τίμιος	13		
894	καταντάω	13		
895	Φῆστος	13		
896	καθάπερ	13		
897	συνεργός	13		
898	Τίτος	13		
899	ἀναστροφή	13		
900	δράκων	13		
901	Βαβυλών	12		
902	πυνθάνομαι	12		
903	λίαν	12		
904	ὅριον	12		
905	βαπτιστής	12		
906	βοάω	12		
907	δεῦτε	12		
908	δίκτυον	12		
909	Ζεβεδαῖος	12		
910	συνέχω	12		
911	ψεύδομαι	12		
912	λυχνία	12		
913	φονεύω	12		
914	μωρός	12		
915	γέεννα	12		
916	ὀδούς	12		
917	ἄδικος	12		
918	σαλπίζω	12		
919	χοῖρος	12		
920	ἔσωθεν	12		
921	βασανίζω	12		
922	μεταβαίνω	12		
923	ἀσκός	12		
924	ῥάβδος	12		
925	οἰκοδεσπότης	12		
926	κάλαμος	12		
927	ἀναπαύω	12		
928	πρόθεσις	12		
929	ἀναπίπτω	12		
930	πρωΐ	12		
931	προσλαμβάνομαι	12		
932	ὅραμα	12		
933	κολλάομαι	12		
934	ἐλαία	12		
935	πῶλος	12		
936	Βηθανία	12		
937	πόρνη	12		
938	διάνοια	12		
939	λιμός	12		
940	πληθύνω	12		
941	αὐλή	12		
942	ἀλέκτωρ	12		
943	τρίς	12		
944	βῆμα	12		
945	Μαγδαληνή	12		
946	κατάκειμαι	12		
947	βροντή	12		
948	σπουδή	12		
949	παραιτέομαι	12		
950	γόνυ	12		
951	ἐξάγω	12		
952	ἔθος	12		
953	κράτος	12		
954	πλουτέω	12		
955	ὑγιαίνω	12		
956	βουλή	12		
957	δέομαι	12		
958	τυγχάνω	12		
959	πιάζω	12		
960	Ῥωμαῖος	12		
961	χρυσίον	12		
962	μάλιστα	12		
963	περισσοτέρως	12		
964	φιάλη	12		
965	ἀνατολή	11		
966	ποιμαίνω	11		
967	σφόδρα	11		
968	τελευτάω	11		
969	κατακαίω	11		
970	ὑψηλός	11		
971	νόσος	11		
972	ἀγαλλιάω	11		
973	ῥέω	11		
974	ἀρχαῖος	11		
975	χιτών	11		
976	βρῶσις	11		
977	ἐμβλέπω	11		
978	κακία	11		
979	μετρέω	11		
980	ψευδοπροφήτης	11		
981	θάπτω	11		
982	μακρός	11		
983	χείρων	11		
984	σπλαγχνίζομαι	11		
985	Θωμᾶς	11		
986	θανατόω	11		
987	κατασκευάζω	11		
988	ἀγορά	11		
989	Τύρος	11		
990	ὑγιής	11		
991	τριάκοντα	11		
992	κλάδος	11		
993	καταβολή	11		
994	ἀπιστία	11		
995	φυτεύω	11		
996	ἀπαρνέομαι	11		
997	πρᾶγμα	11		
998	ὑποκάτω	11		
999	γέμω	11		
1000	Ζαχαρίας	11		
1001	σάλπιγξ	11		
1002	ἐάω	11		
1003	ἔλαιον	11		
1004	ἐπισκέπτομαι	11		
1005	δόλος	11		
1006	Γαλιλαῖος	11		
1007	Βαραββᾶς	11		
1008	διαμερίζω	11		
1009	κλῆρος	11		
1010	σχίζω	11		
1011	κράβαττος	11		
1012	ἐπιπίπτω	11		
1013	ἅλυσις	11		
1014	πηγή	11		
1015	συγγενής	11		
1016	ἐπαισχύνομαι	11		
1017	κέρας	11		
1018	σπλάγχνον	11		
1019	εἰσάγω	11		
1020	ἀντιλέγω	11		
1021	λίμνη	11		
1022	ὑμέτερος	11		
1023	φωτίζω	11		
1024	ἄφρων	11		
1025	εἴκοσι(ν)	11		
1026	Σαμάρεια	11		
1027	ἐξουθενέω	11		
1028	δωρεά	11		
1029	ζῳοποιέω	11		
1030	πρότερος	11		
1031	καί	11		
1032	δέ	11		
1033	ὁμοθυμαδόν	11		
1034	Ἁνανίας	11		
1035	ζηλόω	11		
1036	εἴδωλον	11		
1037	Ἀγρίππας	11		
1038	χράομαι	11		
1039	ἐνδείκνυμι	11		
1040	ἔπαινος	11		
1041	καύχησις	11		
1042	καύχημα	11		
1043	ἐλευθερία	11		
1044	κλῆσις	11		
1045	πραΰτης	11		
1046	σπουδάζω	11		
1047	χίλιοι	11		
1048	βίβλος	10		
1049	χρυσός	10		
1050	ἐξομολογέω	10		
1051	ἐκκόπτω	10		
1052	ὑπόδημα	10		
1053	περιστερά	10		
1054	ποικίλος	10		
1055	παραλυτικός	10		
1056	πενθέω	10		
1057	ὀνειδίζω	10		
1058	ἔνοχος	10		
1059	κἀκεῖ	10		
1060	ὅρκος	10		
1061	πύλη	10		
1062	θλίβω	10		
1063	ὑπαντάω	10		
1064	παράγω	10		
1065	ᾅδης	10		
1066	κοσμέω	10		
1067	διωγμός	10		
1068	ἅμα	10		
1069	ἀφορίζω	10		
1070	τέταρτος	10		
1071	σέβομαι	10		
1072	χωρέω	10		
1073	ἀναφέρω	10		
1074	μακροθυμέω	10		
1075	σύνδουλος	10		
1076	νεανίσκος	10		
1077	ἀδύνατος	10		
1078	ἔνατος	10		
1079	σιωπάω	10		
1080	κλητός	10		
1081	μέλει	10		
1082	ἀσπασμός	10		
1083	ἀκαθαρσία	10		
1084	κοινωνός	10		
1085	κομίζω	10		
1086	πατάσσω	10		
1087	χωρίον	10		
1088	ἀφαιρέω	10		
1089	ἐγκαταλείπω	10		
1090	ἐμφανίζω	10		
1091	πλάνη	10		
1092	συζητέω	10		
1093	ἐπιτάσσω	10		
1094	ἀγαθοποιέω	10		
1095	προσκαρτερέω	10		
1096	πλεονεξία	10		
1097	ἀσέλγεια	10		
1098	ἀπολαμβάνω	10		
1099	κἀκεῖθεν	10		
1100	ὄντως	10		
1101	ἰσχύς	10		
1102	βίος	10		
1103	δικαίωμα	10		
1104	δεσπότης	10		
1105	ἐντεῦθεν	10		
1106	ἐπειδή	10		
1107	δάκρυον	10		
1108	ὅδε	10		
1109	ἀπολογέομαι	10		
1110	οἰκονόμος	10		
1111	ταχέως	10		
1112	ἀπολύτρωσις	10		
1113	στρατηγός	10		
1114	ἀναστρέφω	10		
1115	ψεῦδος	10		
1116	ψεύστης	10		
1117	Ἰόππη	10		
1118	ξενίζω	10		
1119	ἐκπίπτω	10		
1120	Ἀχαΐα	10		
1121	Ἀπολλῶς	10		
1122	φείδομαι	10		
1123	παρεμβολή	10		
1124	χρηστότης	10		
1125	ἀσεβής	10		
1126	ἁγιασμός	10		
1127	ἐπιτελέω	10		
1128	πόρνος	10		
1129	παντοκράτωρ	10		
1130	σφάζω	10		
1131	Σολομών	9		
1132	γαστήρ	9		
1133	χρηματίζω	9		
1134	κλαυθμός	9		
1135	θνῄσκω	9		
1136	περίχωρος	9		
1137	ὕστερος	9		
1138	κάτω	9		
1139	ἀνατέλλω	9		
1140	ὀργίζομαι	9		
1141	ἀπολείπω	9		
1142	ἀποστρέφω	9		
1143	οὐράνιος	9		
1144	γωνία	9		
1145	ἀλείφω	9		
1146	καταφρονέω	9		
1147	τρέφω	9		
1148	μαργαρίτης	9		
1149	κρούω	9		
1150	ἐπιδίδωμι	9		
1151	λεπρός	9		
1152	βόσκω	9		
1153	κλίνη	9		
1154	Σαμαρίτης	9		
1155	δωρεάν	9		
1156	Σόδομα	9		
1157	Σιδών	9		
1158	εὐδοκία	9		
1159	κραυγάζω	9		
1160	Ἰωνᾶς	9		
1161	ἑξήκοντα	9		
1162	πιπράσκω	9		
1163	κλάσμα	9		
1164	ἀναγκάζω	9		
1165	φόνος	9		
1166	μεταξύ	9		
1167	ἄρσην	9		
1168	δεῦρο	9		
1169	εὐώνυμος	9		
1170	ἐντρέπω	9		
1171	ἀποδοκιμάζω	9		
1172	νομικός	9		
1173	μεστός	9		
1174	ἀστραπή	9		
1175	σελήνη	9		
1176	λαμπάς	9		
1177	διασκορπίζω	9		
1178	Καϊάφας	9		
1179	ἄζυμος	9		
1180	ἄμπελος	9		
1181	ἔσω	9		
1182	φθόνος	9		
1183	ταχύ	9		
1184	στήκω	9		
1185	γεμίζω	9		
1186	ἀρχισυνάγωγος	9		
1187	στολή	9		
1188	στάσις	9		
1189	καθαιρέω	9		
1190	Ἐλισάβετ	9		
1191	τάξις	9		
1192	ἐπέρχομαι	9		
1193	Ἀδάμ	9		
1194	κατάγω	9		
1195	ὀνομάζω	9		
1196	μονογενής	9		
1197	χάριν	9		
1198	ἄβυσσος	9		
1199	σιγάω	9		
1200	οἰκονομία	9		
1201	ἐκδίκησις	9		
1202	μνᾶ	9		
1203	ὑστέρημα	9		
1204	ἄνομος	9		
1205	λαμπρός	9		
1206	Κηφᾶς	9		
1207	Ἰσραηλίτης	9		
1208	ἄνω	9		
1209	διατρίβω	9		
1210	ἕβδομος	9		
1211	αἵρεσις	9		
1212	κατάπαυσις	9		
1213	Σαούλ	9		
1214	τεῖχος	9		
1215	παρρησιάζομαι	9		
1216	μεταπέμπομαι	9		
1217	νῆσος	9		
1218	προπέμπω	9		
1219	εἰδωλόθυτον	9		
1220	γνώμη	9		
1221	προσφορά	9		
1222	Φῆλιξ	9		
1223	ἐπιποθέω	9		
1224	ἔρις	9		
1225	πλεονάζω	9		
1226	οἰκέω	9		
1227	φθορά	9		
1228	ἀπαρχή	9		
1229	κίνδυνος	9		
1230	εὐάρεστος	9		
1231	φθείρω	9		
1232	λέων	9		
1233	μεθερμηνεύω	8		
1234	Βηθλέεμ	8		
1235	ἔνδυμα	8		
1236	ζώνη	8		
1237	ὀσφῦς	8		
1238	προσκόπτω	8		
1239	Συρία	8		
1240	ἐξαιρέω	8		
1241	εἰσφέρω	8		
1242	θησαυρίζω	8		
1243	ἡλικία	8		
1244	συλλέγω	8		
1245	σαπρός	8		
1246	προσπίπτω	8		
1247	καλύπτω	8		
1248	σχίσμα	8		
1249	κοράσιον	8		
1250	ῥίπτω	8		
1251	Ἰσκαριώτης	8		
1252	νύμφη	8		
1253	κόπτω	8		
1254	ταπεινός	8		
1255	ξηρός	8		
1256	ἀποκαθίστημι	8		
1257	συμβούλιον	8		
1258	ἀργός	8		
1259	κήρυγμα	8		
1260	βάθος	8		
1261	καρποφορέω	8		
1262	ζιζάνιον	8		
1263	πατρίς	8		
1264	ἀποτίθημι	8		
1265	ἐναντίος	8		
1266	διασῴζω	8		
1267	βοηθέω	8		
1268	ἐπιλανθάνομαι	8		
1269	διαστέλλομαι	8		
1270	εὐνοῦχος	8		
1271	γογγύζω	8		
1272	ἴσος	8		
1273	κατέναντι	8		
1274	περιτίθημι	8		
1275	λιθοβολέω	8		
1276	στράτευμα	8		
1277	κινέω	8		
1278	μεγαλύνω	8		
1279	ἐκτός	8		
1280	ἐπισυνάγω	8		
1281	Νῶε	8		
1282	ἀρκέω	8		
1283	προέρχομαι	8		
1284	πραιτώριον	8		
1285	τάσσω	8		
1286	κύκλῳ	8		
1287	δρέπανον	8		
1288	μνῆμα	8		
1289	διηγέομαι	8		
1290	διακόσιοι	8		
1291	θαρρέω	8		
1292	διανοίγω	8		
1293	ἐκφέρω	8		
1294	συμβαίνω	8		
1295	εὐλογητός	8		
1296	συγκαλέω	8		
1297	ἄφθαρτος	8		
1298	ἀπιστέω	8		
1299	βεβαιόω	8		
1300	κατηχέω	8		
1301	βρέφος	8		
1302	πρωτότοκος	8		
1303	αἰνέω	8		
1304	ὀκτώ	8		
1305	πάντως	8		
1306	μυριάς	8		
1307	βοῦς	8		
1308	ἀντίκειμαι	8		
1309	τάχος	8		
1310	ἐκφεύγω	8		
1311	ὁρίζω	8		
1312	ἐσθής	8		
1313	ἐνθάδε	8		
1314	μέντοι	8		
1315	ἕλκω	8		
1316	αὐτός	8		
1317	λιθάζω	8		
1318	τεκνίον	8		
1319	ὅσιος	8		
1320	Κιλικία	8		
1321	Κορνήλιος	8		
1322	ἀναγκαῖος	8		
1323	Μᾶρκος	8		
1324	Σίλας	8		
1325	ἄπειμι	8		
1326	χάραγμα	8		
1327	Ῥώμη	8		
1328	νουθετέω	8		
1329	ἀπολογία	8		
1330	ἀδόκιμος	8		
1331	ὀξύς	8		
1332	βέβαιος	8		
1333	ὑπερβολή	8		
1334	ἀπεκδέχομαι	8		
1335	προΐστημι	8		
1336	κοινωνέω	8		
1337	πορνεύω	8		
1338	μετέχω	8		
1339	ἁγνός	8		
1340	ἄμωμος	8		
1341	ἐνέργεια	8		
1342	Μελχισέδεκ	8		
1343	μέτωπον	8		
1344	προστάσσω	7		
1345	πρέπω	7		
1346	σκιά	7		
1347	ἅλας	7		
1348	λάμπω	7		
1349	ὑποπόδιον	7		
1350	βρέχω	7		
1351	ὀφειλέτης	7		
1352	ῥήγνυμι	7		
1353	πλατεῖα	7		
1354	πνέω	7		
1355	βρυγμός	7		
1356	κλίνω	7		
1357	ποταπός	7		
1358	ἀγέλη	7		
1359	εὐκοπώτερος	7		
1360	συνανάκειμαι	7		
1361	ἰατρός	7		
1362	ὄπισθεν	7		
1363	κτάομαι	7		
1364	μαστιγόω	7		
1365	Βεελζεβούλ	7		
1366	δῶμα	7		
1367	προσφωνέω	7		
1368	πάλαι	7		
1369	χρηστός	7		
1370	ἐμπίπτω	7		
1371	συντρίβω	7		
1372	φθάνω	7		
1373	μοιχαλίς	7		
1374	νότος	7		
1375	ἀπάτη	7		
1376	ἄκαρπος	7		
1377	κόκκος	7		
1378	πτῶμα	7		
1379	χεῖλος	7		
1380	προσμένω	7		
1381	ἐπιδείκνυμι	7		
1382	διαστρέφω	7		
1383	κρεμάννυμι	7		
1384	τράχηλος	7		
1385	ἀγανακτέω	7		
1386	Ἰεριχώ	7		
1387	Σιών	7		
1388	φονεύς	7		
1389	φιμόω	7		
1390	πονηρία	7		
1391	γαμίζω	7		
1392	δάκτυλος	7		
1393	καταπίνω	7		
1394	τάφος	7		
1395	μεθύω	7		
1396	θόρυβος	7		
1397	καθέζομαι	7		
1398	σπεῖρα	7		
1399	πανταχοῦ	7		
1400	καθαρισμός	7		
1401	χαλάω	7		
1402	Λευί	7		
1403	περιβλέπομαι	7		
1404	ἔκστασις	7		
1405	πεντήκοντα	7		
1406	ἀτιμάζω	7		
1407	σύνεσις	7		
1408	συγχαίρω	7		
1409	Συμεών	7		
1410	ῥομφαία	7		
1411	στρατεύομαι	7		
1412	ἐπίκειμαι	7		
1413	ἐπιστάτης	7		
1414	ἀξιόω	7		
1415	φίλημα	7		
1416	ἀποδέχομαι	7		
1417	ἐκζητέω	7		
1418	ἀγωνίζομαι	7		
1419	φρέαρ	7		
1420	ἀνταποδίδωμι	7		
1421	φλόξ	7		
1422	θεῖον	7		
1423	ψαλμός	7		
1424	ἀνάθεμα	7		
1425	κυριεύω	7		
1426	διατίθεμαι	7		
1427	ὑπομιμνῄσκω	7		
1428	ἐπίγειος	7		
1429	ζήτησις	7		
1430	Ἑβραϊστί	7		
1431	λέγω	7		
1432	ἐλευθερόω	7		
1433	ἁγνίζω	7		
1434	ζηλωτής	7		
1435	ἡμέτερος	7		
1436	μεταλαμβάνω	7		
1437	Στέφανος	7		
1438	δουλόω	7		
1439	ἀεί	7		
1440	ἐκλογή	7		
1441	ἐνδυναμόω	7		
1442	συμβιβάζω	7		
1443	ἀνθρώπινος	7		
1444	ἐγκαλέω	7		
1445	ταπεινοφροσύνη	7		
1446	ἀήρ	7		
1447	εὔχομαι	7		
1448	μνεία	7		
1449	ἀτιμία	7		
1450	ἀφθαρσία	7		
1451	ἐριθεία	7		
1452	παράβασις	7		
1453	δοκιμή	7		
1454	ἀφορμή	7		
1455	ἐνίστημι	7		
1456	ἀπείθεια	7		
1457	ἁπλότης	7		
1458	δόκιμος	7		
1459	σαρκικός	7		
1460	δηλόω	7		
1461	ἐποικοδομέω	7		
1462	φυσιόω	7		
1463	εἰδωλολάτρης	7		
1464	ᾠδή	7		
1465	πολεμέω	7		
1466	ὄναρ	6		
1467	ὕπνος	6		
1468	μάγος	6		
1469	κάμηλος	6		
1470	ὑποδείκνυμι	6		
1471	ἀποθήκη	6		
1472	περιάγω	6		
1473	περισσός	6		
1474	κάρφος	6		
1475	δοκός	6		
1476	λύκος	6		
1477	ἀνακλίνω	6		
1478	πενθερά	6		
1479	πυρετός	6		
1480	διαπεράω	6		
1481	ἱνατί	6		
1482	πήρα	6		
1483	φορέω	6		
1484	ζυγός	6		
1485	φορτίον	6		
1486	σβέννυμι	6		
1487	αἰγιαλός	6		
1488	ἀναπληρόω	6		
1489	μέριμνα	6		
1490	συντέλεια	6		
1491	Ἡρῳδιάς	6		
1492	κόφινος	6		
1493	πεντακισχίλιοι	6		
1494	στάδιος	6		
1495	χειμών	6		
1496	κλείς	6		
1497	ζημιόω	6		
1498	πρᾶξις	6		
1499	συλλαλέω	6		
1500	συμφωνέω	6		
1501	βάρος	6		
1502	ἐπιβαίνω	6		
1503	στρώννυμι	6		
1504	ὡσαννά	6		
1505	Ναζαρέθ	6		
1506	σπήλαιον	6		
1507	φύλλον	6		
1508	μεταμέλομαι	6		
1509	ἀποδημέω	6		
1510	θαυμαστός	6		
1511	βαρύς	6		
1512	ὑπόκρισις	6		
1513	βδέλυγμα	6		
1514	ἄκρον	6		
1515	τρώγω	6		
1516	κιβωτός	6		
1517	κραυγή	6		
1518	βαρέω	6		
1519	καταφιλέω	6		
1520	ἐμπτύω	6		
1521	κόκκινος	6		
1522	Κυρηναῖος	6		
1523	ὄξος	6		
1524	καταπέτασμα	6		
1525	σινδών	6		
1526	παρασκευή	6		
1527	ἕνδεκα	6		
1528	Ναζαρηνός	6		
1529	παρατηρέω	6		
1530	μάστιξ	6		
1531	παραδέχομαι	6		
1532	σπόρος	6		
1533	διεγείρω	6		
1534	σωφρονέω	6		
1535	ἀπορέω	6		
1536	ἐξαυτῆς	6		
1537	ἀποτάσσομαι	6		
1538	λανθάνω	6		
1539	στενάζω	6		
1540	ἀποκόπτω	6		
1541	χρῆμα	6		
1542	ἀναμιμνῄσκω	6		
1543	βάτος	6		
1544	πρόφασις	6		
1545	συντελέω	6		
1546	δίς	6		
1547	θερμαίνομαι	6		
1548	χειροποίητος	6		
1549	ἀποφέρω	6		
1550	Ἀλέξανδρος	6		
1551	πληροφορέω	6		
1552	καθότι	6		
1553	θυμίαμα	6		
1554	ἀπειθής	6		
1555	λειτουργία	6		
1556	ὕψος	6		
1557	σπεύδω	6		
1558	συμβάλλω	6		
1559	προκόπτω	6		
1560	μέτοχος	6		
1561	κόλπος	6		
1562	πλέω	6		
1563	συναντάω	6		
1564	σκοπέω	6		
1565	συνευδοκέω	6		
1566	διαφθείρω	6		
1567	περιζώννυμι	6		
1568	ἐργασία	6		
1569	αἰσχύνη	6		
1570	βουλεύομαι	6		
1571	μόσχος	6		
1572	ἐπαινέω	6		
1573	ἐγκακέω	6		
1574	ἐκδικέω	6		
1575	λείπω	6		
1576	πώποτε	6		
1577	ἔχθρα	6		
1578	ἀνόητος	6		
1579	διερμηνεύω	6		
1580	ἐξηγέομαι	6		
1581	Ναθαναήλ	6		
1582	φαῦλος	6		
1583	ἐραυνάω	6		
1584	πηλός	6		
1585	ὀσμή	6		
1586	σημαίνω	6		
1587	ὑπόδειγμα	6		
1588	ὅπλον	6		
1589	διάλεκτος	6		
1590	διαφθορά	6		
1591	ἀλλάσσω	6		
1592	κακόω	6		
1593	μετατίθημι	6		
1594	ἀπωθέομαι	6		
1595	Ἰκόνιον	6		
1596	Λύστρα	6		
1597	μάταιος	6		
1598	μόλις	6		
1599	Τρῳάς	6		
1600	ἐκδέχομαι	6		
1601	ποιητής	6		
1602	Κόρινθος	6		
1603	Ἀκύλας	6		
1604	σκληρύνω	6		
1605	βάρβαρος	6		
1606	ἀσέβεια	6		
1607	ὁμοίωμα	6		
1608	φθαρτός	6		
1609	εἴπερ	6		
1610	καταλλάσσω	6		
1611	θνητός	6		
1612	ἐξαπατάω	6		
1613	πρόσκομμα	6		
1614	ἐγκεντρίζω	6		
1615	ἀνυπόκριτος	6		
1616	φιλαδελφία	6		
1617	εἰκῇ	6		
1618	ἀξίως	6		
1619	ψυχικός	6		
1620	μιμητής	6		
1621	ἔνι	6		
1622	ἐπιταγή	6		
1623	πυρόομαι	6		
1624	πεποίθησις	6		
1625	νόημα	6		
1626	ὑπερβάλλω	6		
1627	ὁμολογία	6		
1628	κατάρα	6		
1629	μεσίτης	6		
1630	στοιχεῖον	6		
1631	παιδεία	6		
1632	ἀγών	6		
1633	Λαοδίκεια	6		
1634	νήφω	6		
1635	ἐπιφάνεια	6		
1636	βασανισμός	6		
1637	γένεσις	5		
1638	Ἰεσσαί	5		
1639	δεκατέσσαρες	5		
1640	ἀκριβῶς	5		
1641	ἔχιδνα	5		
1642	ἁλιεύς	5		
1643	προβαίνω	5		
1644	καταπατέω	5		
1645	ἀντίδικος	5		
1646	ταχύς	5		
1647	μοιχάομαι	5		
1648	εἰσακούω	5		
1649	ἀφανίζω	5		
1650	φωτεινός	5		
1651	ὀλιγόπιστος	5		
1652	χρῄζω	5		
1653	κύων	5		
1654	ἅρπαξ	5		
1655	θεμελιόω	5		
1656	ἄμμος	5		
1657	δυσμή	5		
1658	ὁρμάω	5		
1659	θαρσέω	5		
1660	Μαθθαῖος	5		
1661	κράσπεδον	5		
1662	ἐμβριμάομαι	5		
1663	Ἁλφαῖος	5		
1664	ἄργυρος	5		
1665	χαλκός	5		
1666	κονιορτός	5		
1667	ἀνεκτός	5		
1668	Βηθσαϊδά	5		
1669	ἀνάπαυσις	5		
1670	στάχυς	5		
1671	καταδικάζω	5		
1672	ἐρημόομαι	5		
1673	σκορπίζω	5		
1674	περίσσευμα	5		
1675	συμπνίγω	5		
1676	δή	5		
1677	σίναπι	5		
1678	ἔμπορος	5		
1679	πίναξ	5		
1680	ἄρρωστος	5		
1681	ὁδηγός	5		
1682	ὁδηγέω	5		
1683	ἀσύνετος	5		
1684	ἐκλύομαι	5		
1685	σπυρίς	5		
1686	τετρακισχίλιοι	5		
1687	ἐπισκιάζω	5		
1688	ἐννέα	5		
1689	θῆλυς	5		
1690	ψευδομαρτυρέω	5		
1691	ὄνος	5		
1692	σείω	5		
1693	θηλάζω	5		
1694	ληνός	5		
1695	ὑβρίζω	5		
1696	ἐπιγραφή	5		
1697	πρωτοκλισία	5		
1698	πτέρυξ	5		
1699	ἀετός	5		
1700	σκοτίζομαι	5		
1701	χρονίζω	5		
1702	εὖ	5		
1703	σκληρός	5		
1704	καταράομαι	5		
1705	ποίμνη	5		
1706	ἀποσπάω	5		
1707	διαρρήγνυμι	5		
1708	κολαφίζω	5		
1709	παίω	5		
1710	ἀπέναντι	5		
1711	ἐκδύω	5		
1712	παραπορεύομαι	5		
1713	συσταυρόομαι	5		
1714	πλάνος	5		
1715	ἀνακράζω	5		
1716	πλοιάριον	5		
1717	ἁμάρτημα	5		
1718	δαπανάω	5		
1719	ἥμισυς	5		
1720	ἐλαύνω	5		
1721	πωρόω	5		
1722	περίκειμαι	5		
1723	ἀποστερέω	5		
1724	γαζοφυλάκιον	5		
1725	ἐξαίφνης	5		
1726	ἐπιγράφω	5		
1727	εὐσχήμων	5		
1728	τρόμος	5		
1729	συνεργέω	5		
1730	καθεξῆς	5		
1731	Ἀαρών	5		
1732	ἐναντίον	5		
1733	ἄμεμπτος	5		
1734	ἀγαλλίασις	5		
1735	διαμένω	5		
1736	ὑπερήφανος	5		
1737	ἐμπίμπλημι	5		
1738	ὄγδοος	5		
1739	δόγμα	5		
1740	σωτήριος	5		
1741	νηστεία	5		
1742	μεταδίδωμι	5		
1743	εἶδος	5		
1744	χρίω	5		
1745	δεκτός	5		
1746	παραλύομαι	5		
1747	μήγε	5		
1748	διαπορεύομαι	5		
1749	ἔντιμος	5		
1750	ἑξῆς	5		
1751	ἱματισμός	5		
1752	κατακλίνω	5		
1753	ἐκμάσσω	5		
1754	ὑπολαμβάνω	5		
1755	ἡδονή	5		
1756	ἑβδομήκοντα	5		
1757	πατέω	5		
1758	σκορπίος	5		
1759	μερίς	5		
1760	ποίμνιον	5		
1761	κῆπος	5		
1762	ἡσυχάζω	5		
1763	ἐπέχω	5		
1764	συνεσθίω	5		
1765	αἰσχύνομαι	5		
1766	μεθίστημι	5		
1767	στῆθος	5		
1768	φόρος	5		
1769	πανουργία	5		
1770	ἀκαταστασία	5		
1771	παγίς	5		
1772	βραχύς	5		
1773	ἀναπέμπω	5		
1774	δικαίως	5		
1775	ἔμφοβος	5		
1776	παρακύπτω	5		
1777	ὀθόνιον	5		
1778	σκηνόω	5		
1779	Νικόδημος	5		
1780	βασιλικός	5		
1781	ὀψάριον	5		
1782	σύ	5		
1783	κατήγορος	5		
1784	παροιμία	5		
1785	μαίνομαι	5		
1786	λούω	5		
1787	παράκλητος	5		
1788	λατρεία	5		
1789	μιαίνω	5		
1790	πλευρά	5		
1791	σύρω	5		
1792	συγχέω	5		
1793	Παμφυλία	5		
1794	προοράω	5		
1795	ἐξαλείφω	5		
1796	ἰδιώτης	5		
1797	παραγγελία	5		
1798	Φαραώ	5		
1799	Αἰγύπτιος	5		
1800	ἔπειμι	5		
1801	Κύπρος	5		
1802	σιδηροῦς	5		
1803	ἀνθύπατος	5		
1804	εἴσοδος	5		
1805	ὑετός	5		
1806	ζήτημα	5		
1807	Μακεδών	5		
1808	Θεσσαλονίκη	5		
1809	Ἰάσων	5		
1810	προθυμία	5		
1811	ἀντιτάσσομαι	5		
1812	Ἄρτεμις	5		
1813	Ἐφέσιος	5		
1814	Γάϊος	5		
1815	Ἀρίσταρχος	5		
1816	Τυχικός	5		
1817	μαρτύρομαι	5		
1818	ἐπίσκοπος	5		
1819	στοιχέω	5		
1820	ἀσφαλής	5		
1821	ἐγκόπτω	5		
1822	ἄνεσις	5		
1823	ἐντυγχάνω	5		
1824	προγινώσκω	5		
1825	ὁποῖος	5		
1826	Κρήτη	5		
1827	περιαιρέω	5		
1828	ἀόρατος	5		
1829	παραβάτης	5		
1830	κενόω	5		
1831	ἐφάπαξ	5		
1832	ἐνοικέω	5		
1833	δουλεία	5		
1834	υἱοθεσία	5		
1835	προορίζω	5		
1836	φύραμα	5		
1837	ἐπιτυγχάνω	5		
1838	πταίω	5		
1839	οἰκτιρμός	5		
1840	ὑπερέχω	5		
1841	λειτουργός	5		
1842	ὀνειδισμός	5		
1843	ψάλλω	5		
1844	εὐπρόσδεκτος	5		
1845	ἀνέγκλητος	5		
1846	μωρία	5		
1847	γάλα	5		
1848	μετασχηματίζω	5		
1849	πλεονεκτέω	5		
1850	πρόκειμαι	5		
1851	ὑπόστασις	5		
1852	ἐπιχορηγέω	5		
1853	περιποίησις	5		
1854	ᾄδω	5		
1855	θώραξ	5		
1856	καίπερ	5		
1857	ἐπιεικής	5		
1858	ἀρετή	5		
1859	μῦθος	5		
1860	ἐκτρέπομαι	5		
1861	βέβηλος	5		
1862	ζόφος	5		
1863	πένθος	5		
1864	καταλαλέω	5		
1865	ἀντίχριστος	5		
1866	πέτομαι	5		
1867	οὐρά	5		
1868	βύσσινος	5		
1869	μετοικεσία	4		
1870	λάθρᾳ	4		
1871	ἀνακάμπτω	4		
1872	Ναζαρέτ	4		
1873	ἀκρίς	4		
1874	μέλι	4		
1875	γέννημα	4		
1876	ἐκπειράζω	4		
1877	πραΰς	4		
1878	μωραίνω	4		
1879	ὅλως	4		
1880	δανείζω	4		
1881	ἐθνικός	4		
1882	ῥύμη	4		
1883	ἀριστερός	4		
1884	ταμεῖον	4		
1885	διορύσσω	4		
1886	ἀντέχομαι	4		
1887	μαμωνᾶς	4		
1888	πῆχυς	4		
1889	δόμα	4		
1890	σῦκον	4		
1891	λέπρα	4		
1892	κῦμα	4		
1893	ἐνθύμησις	4		
1894	ἐπίβλημα	4		
1895	θορυβέω	4		
1896	σκύλλω	4		
1897	Βαρθολομαῖος	4		
1898	ἐκτινάσσω	4		
1899	Γόμορρα	4		
1900	στρουθίον	4		
1901	ψυχρός	4		
1902	δεσμωτήριον	4		
1903	μαλακός	4		
1904	ὀρχέομαι	4		
1905	θρηνέω	4		
1906	σάκκος	4		
1907	συνετός	4		
1908	κατάγνυμι	4		
1909	νῖκος	4		
1910	βασίλισσα	4		
1911	πέρας	4		
1912	ἄνυδρος	4		
1913	πετρῶδες	4		
1914	καυματίζω	4		
1915	πρόσκαιρος	4		
1916	βλαστάνω	4		
1917	ἐκριζόω	4		
1918	λάχανον	4		
1919	κατασκηνόω	4		
1920	ζυμόω	4		
1921	κάμινος	4		
1922	μαθητεύω	4		
1923	ἄτιμος	4		
1924	τετραάρχης	4		
1925	ἀποκεφαλίζω	4		
1926	κακολογέω	4		
1927	κυνάριον	4		
1928	κυλλός	4		
1929	ἐρημία	4		
1930	μεταμορφόομαι	4		
1931	γονυπετέω	4		
1932	κῆνσος	4		
1933	μύλος	4		
1934	ἐνενήκοντα	4		
1935	ἑπτάκις	4		
1936	ἕνεκα	4		
1937	κτῆμα	4		
1938	κατακυριεύω	4		
1939	φραγμός	4		
1940	πύργος	4		
1941	ἐκδίδωμι	4		
1942	ταῦρος	4		
1943	ἀμελέω	4		
1944	πρωτοκαθεδρία	4		
1945	προσήλυτος	4		
1946	διπλοῦς	4		
1947	ἀποδεκατόω	4		
1948	ὡραῖος	4		
1949	ὀστέον	4		
1950	Ἅβελ	4		
1951	ὠδίν	4		
1952	κολοβόω	4		
1953	κατακλυσμός	4		
1954	συμβουλεύω	4		
1955	γένημα	4		
1956	ὑμνέω	4		
1957	αὐτοῦ	4		
1958	περίλυπος	4		
1959	λεγιών	4		
1960	λαλιά	4		
1961	εἴωθα	4		
1962	περισσῶς	4		
1963	κρανίον	4		
1964	μίγνυμι	4		
1965	Ἁριμαθαία	4		
1966	ἀσφαλίζω	4		
1967	ὀψέ	4		
1968	ἀποκυλίω	4		
1969	ἱμάς	4		
1970	κακοποιέω	4		
1971	δαμάζω	4		
1972	χλωρός	4		
1973	βαπτισμός	4		
1974	ἀφροσύνη	4		
1975	ὀρθῶς	4		
1976	ἐκθαμβέομαι	4		
1977	εἰρηνεύω	4		
1978	συμπορεύομαι	4		
1979	νεότης	4		
1980	ἀγρυπνέω	4		
1981	θυρωρός	4		
1982	μεσονύκτιον	4		
1983	παραφέρω	4		
1984	ἀναθεματίζω	4		
1985	πορφύρα	4		
1986	ἄρωμα	4		
1987	παρακολουθέω	4		
1988	ἐπακολουθέω	4		
1989	κράτιστος	4		
1990	στεῖρα	4		
1991	λαγχάνω	4		
1992	ὀπτασία	4		
1993	ταπείνωσις	4		
1994	ἀφόβως	4		
1995	ἐπιφαίνω	4		
1996	κραταιόομαι	4		
1997	ἀπογράφω	4		
1998	φάτνη	4		
1999	εὐλαβής	4		
2000	ἀπόκρισις	4		
2001	ὀδυνάομαι	4		
2002	Ἅννας	4		
2003	σκολιός	4		
2004	ὀψώνιον	4		
2005	ἦχος	4		
2006	ἀποβαίνω	4		
2007	συγκλείω	4		
2008	καθίημι	4		
2009	σπουδαίως	4		
2010	ἔνδοξος	4		
2011	κινδυνεύω	4		
2012	συναρπάζω	4		
2013	διαπορέω	4		
2014	προσάγω	4		
2015	βαλλάντιον	4		
2016	ἀποκρύπτω	4		
2017	κτῆνος	4		
2018	ὑποδέχομαι	4		
2019	κοίτη	4		
2020	διαδίδωμι	4		
2021	παλαιόω	4		
2022	γείτων	4		
2023	πολίτης	4		
2024	ἐκλείπω	4		
2025	οἰκέτης	4		
2026	βάπτω	4		
2027	δειπνέω	4		
2028	Λώτ	4		
2029	ἀπόκειμαι	4		
2030	σουδάριον	4		
2031	ἐπισκοπή	4		
2032	μηνύω	4		
2033	κυκλόω	4		
2034	αἰχμαλωτίζω	4		
2035	ἄστρον	4		
2036	ἀνάμνησις	4		
2037	ἐξουσιάζω	4		
2038	αἴτιος	4		
2039	ἐπιφωνέω	4		
2040	κακοῦργος	4		
2041	ἄτοπος	4		
2042	βαθύς	4		
2043	ὁμιλέω	4		
2044	ψηλαφάω	4		
2045	ἀμνός	4		
2046	Κανά	4		
2047	ἀντλέω	4		
2048	ἐλάσσων	4		
2049	ὁμοῦ	4		
2050	μάννα	4		
2051	μάχομαι	4		
2052	γογγυσμός	4		
2053	οὐδέπω	4		
2054	γυνή	4		
2055	ἀρεστός	4		
2056	λοιδορέω	4		
2057	παραμυθέομαι	4		
2058	περιΐστημι	4		
2059	ψωμίον	4		
2060	τάχιον	4		
2061	κλῆμα	4		
2062	πορφυροῦς	4		
2063	ὑπερῷον	4		
2064	ἀποστολή	4		
2065	ὅρασις	4		
2066	ἀποδείκνυμι	4		
2067	πατριάρχης	4		
2068	εἴσειμι	4		
2069	ἀρχηγός	4		
2070	ἄγνοια	4		
2071	δημόσιος	4		
2072	πειθαρχέω	4		
2073	τετρακόσιοι	4		
2074	Ἑβραῖος	4		
2075	βλάσφημος	4		
2076	πάροικος	4		
2077	μετακαλέομαι	4		
2078	ἐκτίθημι	4		
2079	Σινᾶ	4		
2080	λόγιον	4		
2081	νεανίας	4		
2082	ἐπίθεσις	4		
2083	πικρία	4		
2084	σύνδεσμος	4		
2085	ἅρμα	4		
2086	κείρω	4		
2087	ἄφωνος	4		
2088	ἐπιβουλή	4		
2089	παρασκευάζω	4		
2090	ἑρπετόν	4		
2091	κατασείω	4		
2092	δῆμος	4		
2093	συμπαραλαμβάνω	4		
2094	ἀποπλέω	4		
2095	Βενιαμίν	4		
2096	ἔξειμι	4		
2097	καταπαύω	4		
2098	ἐμμένω	4		
2099	Σιλᾶς	4		
2100	Φίλιπποι	4		
2101	Θυάτειρα	4		
2102	ἀνίημι	4		
2103	Ἀθῆναι	4		
2104	Ἰταλία	4		
2105	ἀκριβέστερον	4		
2106	τεχνίτης	4		
2107	Θεσσαλονικεύς	4		
2108	καταφέρω	4		
2109	ὑποστέλλω	4		
2110	ἡσυχία	4		
2111	ἐγκράτεια	4		
2112	θρησκεία	4		
2113	κέντρον	4		
2114	ζημία	4		
2115	παραχειμάζω	4		
2116	ἄγκυρα	4		
2117	ἀδιαλείπτως	4		
2118	εὐοδόομαι	4		
2119	στενοχωρία	4		
2120	προσωπολημψία	4		
2121	ἀκροατής	4		
2122	ἔνδειξις	4		
2123	Σάρρα	4		
2124	καταλλαγή	4		
2125	περισσεία	4		
2126	σάρκινος	4		
2127	φρόνημα	4		
2128	συγκληρονόμος	4		
2129	καθό	4		
2130	παραζηλόω	4		
2131	κάμπτω	4		
2132	συγκοινωνός	4		
2133	κατακαυχάομαι	4		
2134	διάφορος	4		
2135	προγράφω	4		
2136	ἀγαθωσύνη	4		
2137	ὄφελον	4		
2138	ὄλεθρος	4		
2139	πλεονέκτης	4		
2140	ἄγαμος	4		
2141	στέγω	4		
2142	εἰδωλολατρία	4		
2143	αἰσχρός	4		
2144	κιθάρα	4		
2145	χοϊκός	4		
2146	Γαλατία	4		
2147	παραμένω	4		
2148	τηλικοῦτος	4		
2149	Σιλουανός	4		
2150	κάλυμμα	4		
2151	μάχη	4		
2152	γνήσιος	4		
2153	ὑποταγή	4		
2154	κανών	4		
2155	φρουρέω	4		
2156	στῦλος	4		
2157	ἐξαγοράζω	4		
2158	κυριότης	4		
2159	πλάτος	4		
2160	σεμνός	4		
2161	πληροφορία	4		
2162	πλουσίως	4		
2163	πικραίνω	4		
2164	πόνος	4		
2165	μιμέομαι	4		
2166	ἀνυπότακτος	4		
2167	σώφρων	4		
2168	κτίσμα	4		
2169	γυμνάζω	4		
2170	ὠφέλιμος	4		
2171	ἄσπιλος	4		
2172	στερεός	4		
2173	ἀντιλογία	4		
2174	δεκάτη	4		
2175	διηνεκής	4		
2176	ὁρκωμοσία	4		
2177	ἀμίαντος	4		
2178	ῥαντίζω	4		
2179	ἄνθος	4		
2180	γλυκύς	4		
2181	ἴασπις	4		
2182	πέμπτος	4		
2183	χάλαζα	4		
2184	ἁλληλουϊά	4		
2185	Φαρές	3		
2186	Ἑσρώμ	3		
2187	Ἀμιναδάβ	3		
2188	Ναασσών	3		
2189	Ἀβιά	3		
2190	Μανασσῆς	3		
2191	Ἀμώς	3		
2192	Σαλαθιήλ	3		
2193	Ζοροβαβέλ	3		
2194	Ἐλιακίμ	3		
2195	μνηστεύομαι	3		
2196	ἐξετάζω	3		
2197	ἐπάν	3		
2198	Ἰερεμίας	3		
2199	τρίβος	3		
2200	ἄγριος	3		
2201	ἄσβεστος	3		
2202	Ζαβουλών	3		
2203	Νεφθαλίμ	3		
2204	μαλακία	3		
2205	βάσανος	3		
2206	Δεκάπολις	3		
2207	μόδιος	3		
2208	ἀποστάσιον	3		
2209	παρεκτός	3		
2210	μέλας	3		
2211	ἀγγαρεύω	3		
2212	πλατύς	3		
2213	σής	3		
2214	σκοτεινός	3		
2215	ἀμφιέννυμι	3		
2216	ἀρκετός	3		
2217	διαβλέπω	3		
2218	στενός	3		
2219	σταφυλή	3		
2220	ἀποχωρέω	3		
2221	ἑκατόνταρχος	3		
2222	στέγη	3		
2223	ἐξώτερος	3		
2224	ἀλώπηξ	3		
2225	δειλός	3		
2226	γαλήνη	3		
2227	κρημνός	3		
2228	ὑπάντησις	3		
2229	τελώνιον	3		
2230	νυμφών	3		
2231	ἀπαίρω	3		
2232	συντηρέω	3		
2233	καταγελάω	3		
2234	διαφημίζω	3		
2235	ἀκέραιος	3		
2236	ἄνευ	3		
2237	ἀριθμέω	3		
2238	αὐλέω	3		
2239	σποδός	3		
2240	σπόριμος	3		
2241	τίλλω	3		
2242	βόθυνος	3		
2243	διαρπάζω	3		
2244	Νινευίτης	3		
2245	σαρόω	3		
2246	πνίγω	3		
2247	πολύτιμος	3		
2248	κοπάζω	3		
2249	Γεννησαρέτ	3		
2250	παραβαίνω	3		
2251	ἀκυρόω	3		
2252	πόρρω	3		
2253	ἔνταλμα	3		
2254	κατισχύω	3		
2255	παρακούω	3		
2256	ποσάκις	3		
2257	συναίρω	3		
2258	μύριοι	3		
2259	ὀφειλή	3		
2260	σκληροκαρδία	3		
2261	δυσκόλως	3		
2262	ἑκατονταπλασίων	3		
2263	ἑνδέκατος	3		
2264	ἐπίτροπος	3		
2265	καύσων	3		
2266	ἑταῖρος	3		
2267	Βηθφαγή	3		
2268	συντάσσω	3		
2269	κολλυβιστής	3		
2270	καθέδρα	3		
2271	ἐπανάγω	3		
2272	ὀρύσσω	3		
2273	ἄριστον	3		
2274	Ἡρῳδιανοί	3		
2275	δεσμεύω	3		
2276	πλατύνω	3		
2277	ἁρπαγή	3		
2278	θροέομαι	3		
2279	ἐρήμωσις	3		
2280	φέγγος	3		
2281	θέρος	3		
2282	ἀπάντησις	3		
2283	ὀκνηρός	3		
2284	μνημόσυνον	3		
2285	ἀδημονέω	3		
2286	πρόθυμος	3		
2287	ὠτίον	3		
2288	καταμαρτυρέω	3		
2289	δῆλος	3		
2290	κεραμεύς	3		
2291	πλέκω	3		
2292	Γολγοθᾶ	3		
2293	σπόγγος	3		
2294	ἐντυλίσσω	3		
2295	κουστωδία	3		
2296	μισθωτός	3		
2297	σπαράσσω	3		
2298	θαμβέομαι	3		
2299	φανερῶς	3		
2300	πάντοθεν	3		
2301	πώρωσις	3		
2302	Ἰσκαριώθ	3		
2303	ἀπόκρυφος	3		
2304	λαῖλαψ	3		
2305	πρύμνα	3		
2306	Γερασηνός	3		
2307	πέδη	3		
2308	ῥύσις	3		
2309	τρέμω	3		
2310	συνακολουθέω	3		
2311	Ἰωσῆς	3		
2312	ὑποδέομαι	3		
2313	ἐνέχω	3		
2314	ἡδέως	3		
2315	μεγιστάν	3		
2316	εὐκαιρέω	3		
2317	συντρέχω	3		
2318	περιφέρω	3		
2319	πτύω	3		
2320	ἄλαλος	3		
2321	προστρέχω	3		
2322	ἀρτύω	3		
2323	ἀποβάλλω	3		
2324	ἐξανίστημι	3		
2325	ὁλοκαύτωμα	3		
2326	μακράν	3		
2327	λεπτόν	3		
2328	πολυτελής	3		
2329	προλαμβάνω	3		
2330	κατάλυμα	3		
2331	συναποθνῄσκω	3		
2332	αββα	3		
2333	ἀσφαλῶς	3		
2334	ἀχειροποίητος	3		
2335	περικαλύπτω	3		
2336	ῥάπισμα	3		
2337	ἐκπνέω	3		
2338	κεντυρίων	3		
2339	δωρέομαι	3		
2340	διαγίνομαι	3		
2341	μορφή	3		
2342	ὕστερον	3		
2343	ἐπιχειρέω	3		
2344	ἀσφάλεια	3		
2345	πρεσβύτης	3		
2346	δούλη	3		
2347	σκιρτάω	3		
2348	ἐπιβλέπω	3		
2349	βραχίων	3		
2350	δυνάστης	3		
2351	ἀντιλαμβάνομαι	3		
2352	συγγένεια	3		
2353	λύτρωσις	3		
2354	κατευθύνω	3		
2355	πατριά	3		
2356	ἀναζητέω	3		
2357	Πόντιος	3		
2358	τετρααρχέω	3		
2359	Ἑνώχ	3		
2360	θάμβος	3		
2361	πλύνω	3		
2362	νομοδιδάσκαλος	3		
2363	προδότης	3		
2364	οἰκτίρμων	3		
2365	τρυγάω	3		
2366	σκάπτω	3		
2367	σύνειμι	3		
2368	καταπίπτω	3		
2369	φύω	3		
2370	συμπληρόω	3		
2371	δεσμόν	3		
2372	θεραπεία	3		
2373	ἔξοδος	3		
2374	μεγαλειότης	3		
2375	διαγγέλλω	3		
2376	εὔθετος	3		
2377	ἐγγράφω	3		
2378	περιπίπτω	3		
2379	Λευίτης	3		
2380	ἐπιβιβάζω	3		
2381	ἐπιμελέομαι	3		
2382	πανοπλία	3		
2383	μαστός	3		
2384	ἀριστάω	3		
2385	μεθύσκομαι	3		
2386	ἀπαλλάσσω	3		
2387	Σιλωάμ	3		
2388	ἀνακύπτω	3		
2389	ἀνορθόω	3		
2390	ἴασις	3		
2391	δραχμή	3		
2392	σιτευτός	3		
2393	ἕλκος	3		
2394	διαβαίνω	3		
2395	ἀροτριάω	3		
2396	περιποιέομαι	3		
2397	ζῳογονέω	3		
2398	ἆρα	3		
2399	μοιχός	3		
2400	Ζακχαῖος	3		
2401	εὐγενής	3		
2402	τοίνυν	3		
2403	καταξιόω	3		
2404	μέθη	3		
2405	βιωτικός	3		
2406	συντίθεμαι	3		
2407	διΐστημι	3		
2408	πρεσβυτέριον	3		
2409	αἴτημα	3		
2410	παράδεισος	3		
2411	ὄρθρος	3		
2412	λυτρόομαι	3		
2413	βραδύς	3		
2414	ἑσπέρα	3		
2415	δέκατος	3		
2416	ἑρμηνεύω	3		
2417	λίθινος	3		
2418	ὑδρία	3		
2419	ἀρχιτρίκλινος	3		
2420	ἐλαττόω	3		
2421	ἅλλομαι	3		
2422	ἐχθές	3		
2423	κολυμβήθρα	3		
2424	στοά	3		
2425	Τιβεριάς	3		
2426	ἀνέρχομαι	3		
2427	διδακτός	3		
2428	πόσις	3		
2429	ὄψις	3		
2430	διασπορά	3		
2431	πορεύομαι	3		
2432	ἀνθρωποκτόνος	3		
2433	ἀποσυνάγωγος	3		
2434	Δίδυμος	3		
2435	δεκαπέντε	3		
2436	τυφλόω	3		
2437	ὅμως	3		
2438	διαζώννυμι	3		
2439	ψῦχος	3		
2440	κατηγορία	3		
2441	συνήθεια	3		
2442	σκέλος	3		
2443	ζώννυμι	3		
2444	οἶμαι	3		
2445	Ἰοῦστος	3		
2446	πεντηκοστή	3		
2447	ἄφνω	3		
2448	ἀποφθέγγομαι	3		
2449	Φρυγία	3		
2450	στερεόω	3		
2451	Σολομῶν	3		
2452	προχειρίζομαι	3		
2453	Σαμουήλ	3		
2454	τήρησις	3		
2455	φθέγγομαι	3		
2456	ἀπειλή	3		
2457	Κύπριος	3		
2458	νοσφίζομαι	3		
2459	ἐκψύχω	3		
2460	φύλαξ	3		
2461	βία	3		
2462	ἐπάγω	3		
2463	Ἑλληνιστής	3		
2464	ψευδής	3		
2465	ἀνατρέφω	3		
2466	ἔντρομος	3		
2467	ὑπήκοος	3		
2468	σκήνωμα	3		
2469	διασπείρω	3		
2470	σφαγή	3		
2471	πορθέω	3		
2472	Ταρσός	3		
2473	Λύδδα	3		
2474	βυρσεύς	3		
2475	εὐσεβής	3		
2476	τετράπους	3		
2477	Φοινίκη	3		
2478	Χριστιανός	3		
2479	Κλαύδιος	3		
2480	λειτουργέω	3		
2481	Πέργη	3		
2482	ἀνάγνωσις	3		
2483	δρόμος	3		
2484	ὑπονοέω	3		
2485	ὑπηρετέω	3		
2486	σχεδόν	3		
2487	Δέρβη	3		
2488	ἐπιστηρίζω	3		
2489	πνικτός	3		
2490	ἐκπλέω	3		
2491	δεσμοφύλαξ	3		
2492	ἀναστατόω	3		
2493	τέχνη	3		
2494	θεῖος	3		
2495	Πρίσκιλλα	3		
2496	Γαλλίων	3		
2497	ἀδίκημα	3		
2498	εὐχή	3		
2499	περιέρχομαι	3		
2500	Ἔραστος	3		
2501	Δημήτριος	3		
2502	ἀργυροῦς	3		
2503	θέατρον	3		
2504	Τρόφιμος	3		
2505	Μίλητος	3		
2506	γόμος	3		
2507	πλοῦς	3		
2508	εὐαγγελιστής	3		
2509	ἑτοίμως	3		
2510	ξυράομαι	3		
2511	Ἑβραΐς	3		
2512	πατρῷος	3		
2513	φάσκω	3		
2514	ἀπρόσκοπος	3		
2515	Βερνίκη	3		
2516	Σεβαστός	3		
2517	ἄλογος	3		
2518	ψῆφος	3		
2519	σωφροσύνη	3		
2520	ὕβρις	3		
2521	σκάφη	3		
2522	εὐθυμέω	3		
2523	ναύτης	3		
2524	βούλημα	3		
2525	δίκη	3		
2526	ἁγιωσύνη	3		
2527	προτίθεμαι	3		
2528	πάθος	3		
2529	φυσικός	3		
2530	συμμαρτυρέω	3		
2531	ἐκκλίνω	3		
2532	ἰός	3		
2533	φράσσω	3		
2534	διαστολή	3		
2535	μακαρισμός	3		
2536	ἴχνος	3		
2537	νεκρόω	3		
2538	προσαγωγή	3		
2539	κατάκριμα	3		
2540	παρακοή	3		
2541	συζάω	3		
2542	ματαιότης	3		
2543	γυμνότης	3		
2544	Ἠσαῦ	3		
2545	μενοῦνγε	3		
2546	ἐκκλάω	3		
2547	συναπάγομαι	3		
2548	προνοέω	3		
2549	εὐσχημόνως	3		
2550	κῶμος	3		
2551	διάκρισις	3		
2552	δυνατέω	3		
2553	φιλοτιμέομαι	3		
2554	κλίμα	3		
2555	Πρίσκα	3		
2556	συναιχμάλωτος	3		
2557	πλουτίζω	3		
2558	Στεφανᾶς	3		
2559	συγκρίνω	3		
2560	παιδαγωγός	3		
2561	εἰλικρίνεια	3		
2562	συναναμίγνυμι	3		
2563	κριτήριον	3		
2564	ἑδραῖος	3		
2565	μολύνω	3		
2566	ἀλοάω	3		
2567	νουθεσία	3		
2568	ὑποφέρω	3		
2569	κατακαλύπτομαι	3		
2570	ὁσάκις	3		
2571	διαίρεσις	3		
2572	ἴαμα	3		
2573	ὄφελος	3		
2574	ἀθανασία	3		
2575	ἐνεργής	3		
2576	ἀρραβών	3		
2577	ἐπιβαρέω	3		
2578	τοὐναντίον	3		
2579	εὐωδία	3		
2580	μέλαν	3		
2581	πλάξ	3		
2582	στενοχωρέομαι	3		
2583	ἐνδημέω	3		
2584	ἐκδημέω	3		
2585	πτωχεία	3		
2586	ἰσότης	3		
2587	σπουδαῖος	3		
2588	καθαίρεσις	3		
2589	καταναρκάω	3		
2590	μόχθος	3		
2591	ὑπεραίρομαι	3		
2592	ἡττάομαι	3		
2593	καταγινώσκω	3		
2594	ὠδίνω	3		
2595	οἰκεῖος	3		
2596	κατενώπιον	3		
2597	ὑπεράνω	3		
2598	συνεγείρω	3		
2599	ἀπαλλοτριόομαι	3		
2600	ἀποκαταλλάσσω	3		
2601	μῆκος	3		
2602	ὑπερεκπερισσοῦ	3		
2603	αἰχμαλωσία	3		
2604	σκοτόομαι	3		
2605	ἀνήκω	3		
2606	ἀπατάω	3		
2607	συγκοινωνέω	3		
2608	ἀσωτία	3		
2609	προκοπή	3		
2610	κέρδος	3		
2611	αἱρέομαι	3		
2612	Ἐπαφρᾶς	3		
2613	ἡλίκος	3		
2614	θιγγάνω	3		
2615	Λουκᾶς	3		
2616	Δημᾶς	3		
2617	ἀστοχέω	3		
2618	σεμνότης	3		
2619	κῆρυξ	3		
2620	ὀρέγομαι	3		
2621	ἀνεπίλημπτος	3		
2622	νηφάλιος	3		
2623	φιλόξενος	3		
2624	τυφόομαι	3		
2625	ἐπαρκέω	3		
2626	λοιδορία	3		
2627	πρόδηλος	3		
2628	παραθήκη	3		
2629	ὑπόμνησις	3		
2630	στεφανόω	3		
2631	κακοπαθέω	3		
2632	εὔχρηστος	3		
2633	μεγαλωσύνη	3		
2634	μισθαποδοσία	3		
2635	δίστομος	3		
2636	ἱερωσύνη	3		
2637	μετάθεσις	3		
2638	τράγος	3		
2639	φοβερός	3		
2640	Κάϊν	3		
2641	εὐαρεστέω	3		
2642	παρεπίδημος	3		
2643	δελεάζω	3		
2644	κακοποιός	3		
2645	πύρωσις	3		
2646	ἀποφεύγω	3		
2647	ἐξακολουθέω	3		
2648	Βαλαάμ	3		
2649	χρῖσμα	3		
2650	Ἄλφα	3		
2651	Ὦ	3		
2652	Σάρδεις	3		
2653	ζεστός	3		
2654	κυκλόθεν	3		
2655	ὑάλινος	3		
2656	μεσουράνημα	3		
2657	βιβλαρίδιον	3		
2658	διάδημα	3		
2659	κεράννυμι	3		
2660	ὄρνεον	3		
2661	Ἀράμ	2		
2662	Σαλμών	2		
2663	Βόες	2		
2664	Ἰωβήδ	2		
2665	Ῥοβοάμ	2		
2666	Ἀσάφ	2		
2667	Ἰωσαφάτ	2		
2668	Ἰωράμ	2		
2669	Ὀζίας	2		
2670	Ἰωαθάμ	2		
2671	Ἀχάζ	2		
2672	Ἑζεκίας	2		
2673	Ἰωσίας	2		
2674	Ἰεχονίας	2		
2675	Ἀβιούδ	2		
2676	Ἀζώρ	2		
2677	Σαδώκ	2		
2678	Ἀχίμ	2		
2679	Ἐλιούδ	2		
2680	Ἐλεάζαρ	2		
2681	Ματθάν	2		
2682	δειγματίζω	2		
2683	ἐνθυμέομαι	2		
2684	ἀκριβόω	2		
2685	λίβανος	2		
2686	σμύρνα	2		
2687	ὀδυρμός	2		
2688	δερμάτινος	2		
2689	ἀξίνη	2		
2690	πτύον	2		
2691	ἅλων	2		
2692	ἄχυρον	2		
2693	πτερύγιον	2		
2694	Ναζαρά	2		
2695	σεληνιάζομαι	2		
2696	ἐλεήμων	2		
2697	ἁλίζω	2		
2698	κεραία	2		
2699	κοδράντης	2		
2700	ῥαπίζω	2		
2701	σιαγών	2		
2702	ἐπιούσιος	2		
2703	ὀφείλημα	2		
2704	σκυθρωπός	2		
2705	κρυφαῖος	2		
2706	ἁπλοῦς	2		
2707	κρίνον	2		
2708	νήθω	2		
2709	κλίβανος	2		
2710	τρίβολος	2		
2711	βροχή	2		
2712	πτῶσις	2		
2713	δεινῶς	2		
2714	πυρέσσω	2		
2715	φωλεός	2		
2716	κατασκήνωσις	2		
2717	χαλεπός	2		
2718	ῥάκος	2		
2719	ἄγναφος	2		
2720	αὐλητής	2		
2721	φήμη	2		
2722	Θαδδαῖος	2		
2723	Καναναῖος	2		
2724	ἐπανίσταμαι	2		
2725	οἰκιακός	2		
2726	ἀσσάριον	2		
2727	μόνον	2		
2728	γεννητός	2		
2729	βιάζω	2		
2730	φάγος	2		
2731	οἰνοπότης	2		
2732	Χοραζίν	2		
2733	φορτίζω	2		
2734	ἐλαφρός	2		
2735	βεβηλόω	2		
2736	ἀναίτιος	2		
2737	λίνον	2		
2738	σχολάζω	2		
2739	ἐξανατέλλω	2		
2740	παχύνομαι	2		
2741	βαρέως	2		
2742	καμμύω	2		
2743	θεριστής	2		
2744	ἄλευρον	2		
2745	σάτον	2		
2746	διασαφέω	2		
2747	μεταίρω	2		
2748	τέκτων	2		
2749	γενέσια	2		
2750	πεζῇ	2		
2751	φάντασμα	2		
2752	καταποντίζομαι	2		
2753	διστάζω	2		
2754	μάτην	2		
2755	ἀφεδρών	2		
2756	μοιχεία	2		
2757	κλοπή	2		
2758	ψευδομαρτυρία	2		
2759	ἄνιπτος	2		
2760	ψίξ	2		
2761	νῆστις	2		
2762	ἰχθύδιον	2		
2763	πυρράζω	2		
2764	στυγνάζω	2		
2765	ἵλεως	2		
2766	ἀντάλλαγμα	2		
2767	ἔνθεν	2		
2768	ἀδυνατέω	2		
2769	συστρέφω	2		
2770	δίδραχμον	2		
2771	ὀνικός	2		
2772	πέλαγος	2		
2773	μονόφθαλμος	2		
2774	συζεύγνυμι	2		
2775	εὐνουχίζω	2		
2776	ῥαφίς	2		
2777	παλιγγενεσία	2		
2778	μισθόομαι	2		
2779	κατεξουσιάζω	2		
2780	λύτρον	2		
2781	ὄμμα	2		
2782	ὑποζύγιον	2		
2783	καταστρέφω	2		
2784	αἶνος	2		
2785	αὐλίζομαι	2		
2786	συνθλάομαι	2		
2787	λικμάω	2		
2788	ὦμος	2		
2789	καθηγητής	2		
2790	ἡδύοσμον	2		
2791	παροψίς	2		
2792	ἀκρασία	2		
2793	ἐντός	2		
2794	κονιάω	2		
2795	ὄρνις	2		
2796	ψευδόχριστος	2		
2797	ἁπαλός	2		
2798	ἐκφύω	2		
2799	ἀλήθω	2		
2800	διχοτομέω	2		
2801	νυστάζω	2		
2802	τόκος	2		
2803	ἀχρεῖος	2		
2804	ἔριφος	2		
2805	κόλασις	2		
2806	ἀλάβαστρον	2		
2807	καταχέω	2		
2808	ἐνταφιάζω	2		
2809	εὐκαιρία	2		
2810	ἐμβάπτω	2		
2811	τρύβλιον	2		
2812	Γεθσημανί	2		
2813	ψευδόμαρτυς	2		
2814	πικρῶς	2		
2815	πρωΐα	2		
2816	ἀθῷος	2		
2817	ἐπίσημος	2		
2818	φραγελλόω	2		
2819	χλαμύς	2		
2820	χολή	2		
2821	ἠλί	2		
2822	λεμά	2		
2823	σαβαχθάνι	2		
2824	λατομέω	2		
2825	προσκυλίω	2		
2826	ἐπιφώσκω	2		
2827	χιών	2		
2828	ἀμέριμνος	2		
2829	Ἱεροσολυμίτης	2		
2830	δύνω	2		
2831	ἐξορύσσω	2		
2832	αὐτόματος	2		
2833	ἐπιλύω	2		
2834	διασπάω	2		
2835	ὁρκίζω	2		
2836	ἱματίζω	2		
2837	Ἰάϊρος	2		
2838	θυγάτριον	2		
2839	συνθλίβω	2		
2840	ἀλαλάζω	2		
2841	σανδάλιον	2		
2842	χοῦς	2		
2843	εὔκαιρος	2		
2844	συμπόσιον	2		
2845	πρασιά	2		
2846	κατακλάω	2		
2847	Βηθσαϊδάν	2		
2848	Ἑλληνίς	2		
2849	λευκαίνω	2		
2850	ἔκφοβος	2		
2851	ἀφρίζω	2		
2852	συσπαράσσω	2		
2853	ἐναγκαλίζομαι	2		
2854	προσκολλάομαι	2		
2855	προσαίτης	2		
2856	ραββουνι	2		
2857	ὑστέρησις	2		
2858	ἀποπλανάω	2		
2859	ἀλάβαστρος	2		
2860	νάρδος	2		
2861	πιστικός	2		
2862	τριακόσιοι	2		
2863	ἐνταφιασμός	2		
2864	εὐκαίρως	2		
2865	ἀπαντάω	2		
2866	κεράμιον	2		
2867	ἀνάγαιον	2		
2868	σπάομαι	2		
2869	ὠτάριον	2		
2870	συγκάθημαι	2		
2871	ἀνασείω	2		
2872	ἐνδιδύσκω	2		
2873	ἀκάνθινος	2		
2874	Ῥοῦφος	2		
2875	ἐλωΐ	2		
2876	Σαλώμη	2		
2877	συναναβαίνω	2		
2878	βουλευτής	2		
2879	συντόμως	2		
2880	ἐξαγγέλλω	2		
2881	βλάπτω	2		
2882	Θεόφιλος	2		
2883	ἐφημερία	2		
2884	ἔναντι	2		
2885	ἱερατεία	2		
2886	φρόνησις	2		
2887	Γαβριήλ	2		
2888	ἐφοράω	2		
2889	χαριτόω	2		
2890	ὀρεινός	2		
2891	τελείωσις	2		
2892	μακαρίζω	2		
2893	διαλαλέω	2		
2894	ὁσιότης	2		
2895	προπορεύομαι	2		
2896	ἀπογραφή	2		
2897	ἡγεμονεύω	2		
2898	σπαργανόω	2		
2899	περιλάμπω	2		
2900	στρατιά	2		
2901	ἀνευρίσκω	2		
2902	μήτρα	2		
2903	ζεῦγος	2		
2904	προφῆτις	2		
2905	Ἀσήρ	2		
2906	ὀγδοήκοντα	2		
2907	διατηρέω	2		
2908	βουνός	2		
2909	τραχύς	2		
2910	συκοφαντέω	2		
2911	κατακλείω	2		
2912	σωματικός	2		
2913	Μαθθάτ	2		
2914	Μελχί	2		
2915	Ματταθίας	2		
2916	Σαλά	2		
2917	Καϊνάμ	2		
2918	εἵνεκεν	2		
2919	Σιδώνιος	2		
2920	ἄγρα	2		
2921	βυθίζω	2		
2922	περιέχω	2		
2923	ζωγρέω	2		
2924	ὑποχωρέω	2		
2925	κλινίδιον	2		
2926	δοχή	2		
2927	ἄνοια	2		
2928	ἐνοχλέω	2		
2929	γελάω	2		
2930	ἐπηρεάζω	2		
2931	ἀπαιτέω	2		
2932	ἀχάριστος	2		
2933	προφέρω	2		
2934	προσρήγνυμι	2		
2935	ἀνακαθίζω	2		
2936	τρυφή	2		
2937	χρεοφειλέτης	2		
2938	πεντακόσιοι	2		
2939	διοδεύω	2		
2940	Ἰωάννα	2		
2941	ἀποπνίγω	2		
2942	κλύδων	2		
2943	ἀποτινάσσω	2		
2944	ἀναλίσκω	2		
2945	ἀναδείκνυμι	2		
2946	ἐπαναπαύομαι	2		
2947	ἀντιπαρέρχομαι	2		
2948	ἐπανέρχομαι	2		
2949	συναντιλαμβάνομαι	2		
2950	ἄδηλος	2		
2951	ἐνεδρεύω	2		
2952	ἀναλύω	2		
2953	ἀνάπτω	2		
2954	πράκτωρ	2		
2955	δεκαοκτώ	2		
2956	παντελής	2		
2957	πορεία	2		
2958	βορρᾶς	2		
2959	ἀποτελέω	2		
2960	ἀνασπάω	2		
2961	ἀνταποκρίνομαι	2		
2962	ἀνταπόδομα	2		
2963	ἀνάπηρος	2		
2964	ψηφίζω	2		
2965	θεμέλιος	2		
2966	ἐκτελέω	2		
2967	πρεσβεία	2		
2968	διαγογγύζω	2		
2969	οὐσία	2		
2970	διαιρέω	2		
2971	μίσθιος	2		
2972	ἀναζάω	2		
2973	ἐπαιτέω	2		
2974	φιλάργυρος	2		
2975	ἐκμυκτηρίζω	2		
2976	πόρρωθεν	2		
2977	ἀστράπτω	2		
2978	ὑπωπιάζω	2		
2979	ἱλάσκομαι	2		
2980	προτρέχω	2		
2981	ἀναφαίνω	2		
2982	αὐστηρός	2		
2983	Ἐλαιῶν	2		
2984	ἐπιρίπτω	2		
2985	τραυματίζω	2		
2986	ἄτεκνος	2		
2987	πτοέομαι	2		
2988	λοιμός	2		
2989	συνοχή	2		
2990	προσδοκία	2		
2991	προβάλλω	2		
2992	αἰφνίδιος	2		
2993	ἄτερ	2		
2994	ἐνισχύω	2		
2995	συγκαθίζω	2		
2996	διϊσχυρίζομαι	2		
2997	εὐτόνως	2		
2998	προϋπάρχω	2		
2999	κατακολουθέω	2		
3000	παροικέω	2		
3001	παραβιάζομαι	2		
3002	κλάσις	2		
3003	εὐθύνω	2		
3004	Μεσσίας	2		
3005	σχοινίον	2		
3006	ὁδοιπορία	2		
3007	Σαμαρῖτις	2		
3008	ἐπιλέγω	2		
3009	κρίθινος	2		
3010	συνεισέρχομαι	2		
3011	πάλιν	2		
3012	μέσος	2		
3013	πειράζω	2		
3014	ἐπί	2		
3015	ἐγώ	2		
3016	κύπτω	2		
3017	εἰμί	2		
3018	οὐδείς	2		
3019	χαμαί	2		
3020	ἐπιχρίω	2		
3021	νομή	2		
3022	λίτρα	2		
3023	γλωσσόκομον	2		
3024	φοῖνιξ	2		
3025	λέντιον	2		
3026	νεύω	2		
3027	μονή	2		
3028	ὀρφανός	2		
3029	ἀνθρακιά	2		
3030	τίτλος	2		
3031	Ἑλληνιστί	2		
3032	ὕσσωπος	2		
3033	ἐκκεντέω	2		
3034	ἧλος	2		
3035	γηράσκω	2		
3036	Βαρσαββᾶς	2		
3037	Μαθθίας	2		
3038	καρδιογνώστης	2		
3039	πνοή	2		
3040	Μεσοποταμία	2		
3041	Καππαδοκία	2		
3042	Πόντος	2		
3043	ἐπιδημέω	2		
3044	Κρής	2		
3045	ἐνυπνιάζομαι	2		
3046	ἀτμίς	2		
3047	μεταστρέφω	2		
3048	πρόγνωσις	2		
3049	εὐφροσύνη	2		
3050	ὕπαρξις	2		
3051	προκαταγγέλλω	2		
3052	ἐνευλογέω	2		
3053	διαπονέομαι	2		
3054	εὐεργεσία	2		
3055	ἀπειλέω	2		
3056	κολάζω	2		
3057	μελετάω	2		
3058	σύνοιδα	2		
3059	συστέλλω	2		
3060	διαχειρίζομαι	2		
3061	διαπρίομαι	2		
3062	Γαμαλιήλ	2		
3063	Ἀλεξανδρεύς	2		
3064	Χαρράν	2		
3065	μετοικίζω	2		
3066	κατάσχεσις	2		
3067	Χανάαν	2		
3068	Συχέμ	2		
3069	ἀστεῖος	2		
3070	τεσσερακονταετής	2		
3071	καταπονέω	2		
3072	δικαστής	2		
3073	στεναγμός	2		
3074	ἐξωθέω	2		
3075	διαταγή	2		
3076	μεσημβρία	2		
3077	Αἰθίοψ	2		
3078	περιαστράπτω	2		
3079	χειραγωγέω	2		
3080	Ταρσεύς	2		
3081	Αἰνέας	2		
3082	Ταβιθά	2		
3083	Δορκάς	2		
3084	ὀθόνη	2		
3085	μηδαμῶς	2		
3086	ἀθέμιτος	2		
3087	καταδυναστεύω	2		
3088	ἐμφανής	2		
3089	Ἅγαβος	2		
3090	ἐκτενῶς	2		
3091	συνοράω	2		
3092	συναθροίζω	2		
3093	τάραχος	2		
3094	Λούκιος	2		
3095	ἐκπέμπω	2		
3096	Πάφος	2		
3097	Πισιδία	2		
3098	παροικία	2		
3099	ἐκδιηγέομαι	2		
3100	προσλαλέω	2		
3101	ἐπεγείρω	2		
3102	ὁρμή	2		
3103	καταφεύγω	2		
3104	ὀρθός	2		
3105	Ζεύς	2		
3106	Ἑρμῆς	2		
3107	ὁμοιοπαθής	2		
3108	καίτοι	2		
3109	οὐρανόθεν	2		
3110	χειροτονέω	2		
3111	ἀνοικοδομέω	2		
3112	κατασκάπτω	2		
3113	ἐπιστέλλω	2		
3114	παροξυσμός	2		
3115	ἀποχωρίζομαι	2		
3116	Γαλατικός	2		
3117	Μυσία	2		
3118	Βιθυνία	2		
3119	εὐθυδρομέω	2		
3120	Λυδία	2		
3121	ῥαβδίζω	2		
3122	ἐσώτερος	2		
3123	ῥαβδοῦχος	2		
3124	ἀκατάκριτος	2		
3125	ἀγοραῖος	2		
3126	πολιτάρχης	2		
3127	Βέροια	2		
3128	παροξύνομαι	2		
3129	Ἄρειος	2		
3130	Πάγος	2		
3131	Ἀθηναῖος	2		
3132	ἀναθεωρέω	2		
3133	σέβασμα	2		
3134	εὐσεβέω	2		
3135	Κρίσπος	2		
3136	Κορίνθιος	2		
3137	Σωσθένης	2		
3138	Κεγχρεαί	2		
3139	ζέω	2		
3140	περίεργος	2		
3141	συνέκδημος	2		
3142	καταστέλλω	2		
3143	προπετής	2		
3144	ἔννομος	2		
3145	συστροφή	2		
3146	θυρίς	2		
3147	Ἆσσος	2		
3148	ἐκεῖσε	2		
3149	ἐξαρτίζω	2		
3150	ἀποστασία	2		
3151	ἀναβαθμός	2		
3152	σιγή	2		
3153	τιμωρέω	2		
3154	ἀπολούομαι	2		
3155	καθήκω	2		
3156	ἀνετάζω	2		
3157	κεφάλαιον	2		
3158	πολιτεία	2		
3159	πολιτεύομαι	2		
3160	διαγινώσκω	2		
3161	ἐνέδρα	2		
3162	ἱππεύς	2		
3163	Λυσίας	2		
3164	ἔγκλημα	2		
3165	ἐπαρχεία	2		
3166	Τέρτυλλος	2		
3167	πρόνοια	2		
3168	ἐπιείκεια	2		
3169	ἐπίστασις	2		
3170	πυκνός	2		
3171	διετία	2		
3172	κατατίθημι	2		
3173	ἀνατίθεμαι	2		
3174	δεσμώτης	2		
3175	Ἰούλιος	2		
3176	ὑποπλέω	2		
3177	Ἀλεξανδρῖνος	2		
3178	παραλέγομαι	2		
3179	παραινέω	2		
3180	κυβερνήτης	2		
3181	λιμήν	2		
3182	βοήθεια	2		
3183	ἀποβολή	2		
3184	τεσσαρεσκαιδέκατος	2		
3185	βολίζω	2		
3186	ὀργυιά	2		
3187	πρῷρα	2		
3188	κορέννυμι	2		
3189	πηδάλιον	2		
3190	ἀσάλευτος	2		
3191	φιλανθρωπία	2		
3192	πυρά	2		
3193	Πόπλιος	2		
3194	ἀναδέχομαι	2		
3195	ξενία	2		
3196	προεπαγγέλλομαι	2		
3197	ἀΐδιος	2		
3198	ποίημα	2		
3199	ἀναπολόγητος	2		
3200	μεταλλάσσω	2		
3201	χρῆσις	2		
3202	ἀσχημοσύνη	2		
3203	ἀντιμισθία	2		
3204	ὑβριστής	2		
3205	ἀλαζών	2		
3206	ἄστοργος	2		
3207	ἀνοχή	2		
3208	ἀνόμως	2		
3209	λογισμός	2		
3210	παιδευτής	2		
3211	μόρφωσις	2		
3212	βδελύσσομαι	2		
3213	ὠφέλεια	2		
3214	ἐπιφέρω	2		
3215	ἔνδικος	2		
3216	ταλαιπωρία	2		
3217	ἱλαστήριον	2		
3218	ἐκκλείω	2		
3219	νέκρωσις	2		
3220	δικαίωσις	2		
3221	τάχα	2		
3222	ἐλλογέω	2		
3223	δώρημα	2		
3224	παρεισέρχομαι	2		
3225	ὑπερπερισσεύω	2		
3226	συνθάπτομαι	2		
3227	καινότης	2		
3228	παράκειμαι	2		
3229	ταλαίπωρος	2		
3230	συμπάσχω	2		
3231	ἀποκαραδοκία	2		
3232	ἑκών	2		
3233	σύμμορφος	2		
3234	ὕψωμα	2		
3235	ἀδιάλειπτος	2		
3236	ὀδύνη	2		
3237	μήπω	2		
3238	οἰκτίρω	2		
3239	ἐξεγείρω	2		
3240	μέμφομαι	2		
3241	πλάσσω	2		
3242	προετοιμάζω	2		
3243	Σαβαώθ	2		
3244	φθόγγος	2		
3245	παροργίζω	2		
3246	ἥττημα	2		
3247	ἀγριέλαιος	2		
3248	ἀποτομία	2		
3249	ἀμεταμέλητος	2		
3250	ἀνεξιχνίαστος	2		
3251	λογικός	2		
3252	συσχηματίζομαι	2		
3253	ἀνακαίνωσις	2		
3254	φιλοξενία	2		
3255	ψωμίζω	2		
3256	σωρεύω	2		
3257	ἔκδικος	2		
3258	ἀνακεφαλαιόω	2		
3259	κρέας	2		
3260	Σπανία	2		
3261	ὑποτίθημι	2		
3262	διχοστασία	2		
3263	ἄκακος	2		
3264	ὑπεροχή	2		
3265	πνευματικῶς	2		
3266	συμβασιλεύω	2		
3267	ἐκκαθαίρω	2		
3268	λοίδορος	2		
3269	μέθυσος	2		
3270	ἐντροπή	2		
3271	ἀρσενοκοίτης	2		
3272	ἐγκρατεύομαι	2		
3273	καταχράομαι	2		
3274	σχῆμα	2		
3275	σύμφορον	2		
3276	ἀσχημονέω	2		
3277	διόπερ	2		
3278	βραβεῖον	2		
3279	πόμα	2		
3280	ἔκβασις	2		
3281	ἀκατακάλυπτος	2		
3282	κομάω	2		
3283	περιβόλαιον	2		
3284	ἥσσων	2		
3285	κυριακός	2		
3286	ἐνέργημα	2		
3287	φανέρωσις	2		
3288	ἑρμηνεία	2		
3289	συγκεράννυμι	2		
3290	ἔσοπτρον	2		
3291	κιθαρίζω	2		
3292	φρήν	2		
3293	ἐλεεινός	2		
3294	ἀγνωσία	2		
3295	λογεία	2		
3296	ἐξαπορέομαι	2		
3297	ἁγιότης	2		
3298	κυρόω	2		
3299	θριαμβεύω	2		
3300	ἱκανόω	2		
3301	κατάκρισις	2		
3302	ἀνακαλύπτω	2		
3303	ἡνίκα	2		
3304	φωτισμός	2		
3305	ὀστράκινος	2		
3306	καταβάλλω	2		
3307	ἀνακαινόω	2		
3308	σκῆνος	2		
3309	οἰκητήριον	2		
3310	ἐπενδύομαι	2		
3311	πρεσβεύω	2		
3312	μωμάομαι	2		
3313	ἀγρυπνία	2		
3314	ἁγνότης	2		
3315	ἐπιπόθησις	2		
3316	αὐθαίρετος	2		
3317	προενάρχομαι	2		
3318	πέρυσι(ν)	2		
3319	συμπέμπω	2		
3320	στέλλομαι	2		
3321	ἐρεθίζω	2		
3322	φειδομένως	2		
3323	αὐτάρκεια	2		
3324	χορηγέω	2		
3325	προσαναπληρόω	2		
3326	στρατεία	2		
3327	ἄμετρος	2		
3328	ἐφικνέομαι	2		
3329	Εὕα	2		
3330	ὑπερλίαν	2		
3331	θαῦμα	2		
3332	καταδουλόω	2		
3333	ναυαγέω	2		
3334	ψευδάδελφος	2		
3335	ἥδιστα	2		
3336	καταλαλιά	2		
3337	προαμαρτάνω	2		
3338	ἀποτόμως	2		
3339	Ἰουδαϊσμός	2		
3340	προσανατίθημι	2		
3341	Ἀραβία	2		
3342	ἐνάρχομαι	2		
3343	ἐπικατάρατος	2		
3344	ἄχρις	2		
3345	ἀληθεύω	2		
3346	Ἁγάρ	2		
3347	φαρμακεία	2		
3348	πηλίκος	2		
3349	συζωοποιέω	2		
3350	ἀκρογωνιαῖος	2		
3351	συναρμολογέομαι	2		
3352	αὔξω	2		
3353	κατοικητήριον	2		
3354	συμμέτοχος	2		
3355	ῥιζόομαι	2		
3356	ἑνότης	2		
3357	μεθοδεία	2		
3358	ἁφή	2		
3359	ἐπιχορηγία	2		
3360	αὔξησις	2		
3361	εὔσπλαγχνος	2		
3362	ὕμνος	2		
3363	λουτρόν	2		
3364	σπίλος	2		
3365	ἐκτρέφω	2		
3366	θάλπω	2		
3367	ὀφθαλμοδουλία	2		
3368	ἀνθρωπάρεσκος	2		
3369	περικεφαλαία	2		
3370	βεβαίωσις	2		
3371	εἰλικρινής	2		
3372	συναθλέω	2		
3373	φωστήρ	2		
3374	σπένδομαι	2		
3375	ἀφοράω	2		
3376	Ἐπαφρόδιτος	2		
3377	συστρατιώτης	2		
3378	δόσις	2		
3379	δυναμόω	2		
3380	παραλογίζομαι	2		
3381	ὑπεναντίος	2		
3382	ἀπεκδύομαι	2		
3383	τελειότης	2		
3384	Ὀνήσιμος	2		
3385	Ἄρχιππος	2		
3386	ἤπιος	2		
3387	ἀμέμπτως	2		
3388	τοιγαροῦν	2		
3389	περιλείπομαι	2		
3390	ἀρχάγγελος	2		
3391	ὁλόκληρος	2		
3392	ἐνδοξάζομαι	2		
3393	ἐπισυναγωγή	2		
3394	ἀτάκτως	2		
3395	ἑτεροδιδασκαλέω	2		
3396	γενεαλογία	2		
3397	διαβεβαιόομαι	2		
3398	νομίμως	2		
3399	ἀνόσιος	2		
3400	ἀποδοχή	2		
3401	ὑποτύπωσις	2		
3402	Ὑμέναιος	2		
3403	ἔντευξις	2		
3404	ἡσύχιος	2		
3405	διάγω	2		
3406	ἀπόδεκτος	2		
3407	κόσμιος	2		
3408	διδακτικός	2		
3409	πάροινος	2		
3410	πλήκτης	2		
3411	ἄμαχος	2		
3412	ἀφιλάργυρος	2		
3413	αἰσχροκερδής	2		
3414	βραδύνω	2		
3415	ἁγνεία	2		
3416	πρόγονος	2		
3417	σπαταλάω	2		
3418	πορισμός	2		
3419	ἀπόλαυσις	2		
3420	κενοφωνία	2		
3421	συγκακοπαθέω	2		
3422	Ὀνησίφορος	2		
3423	ἐμπλέκομαι	2		
3424	ἀθλέω	2		
3425	καταστροφή	2		
3426	ἀνατρέπω	2		
3427	ξύλινος	2		
3428	εὐσεβῶς	2		
3429	σοφίζω	2		
3430	αὐθάδης	2		
3431	κοσμικός	2		
3432	ἀνωφελής	2		
3433	ἑλίσσω	2		
3434	μερισμός	2		
3435	βραχύ	2		
3436	παραπικρασμός	2		
3437	προσοχθίζω	2		
3438	ἐάνπερ	2		
3439	ἔννοια	2		
3440	συμπαθέω	2		
3441	ὁμοιότης	2		
3442	εὐλάβεια	2		
3443	νωθρός	2		
3444	ἀμετάθετος	2		
3445	Σαλήμ	2		
3446	δεκατόω	2		
3447	νομοθετέομαι	2		
3448	ἀθέτησις	2		
3449	ἐγκαινίζω	2		
3450	ἔριον	2		
3451	ἀντίτυπος	2		
3452	ἑκουσίως	2		
3453	πεῖρα	2		
3454	Ῥαάβ	2		
3455	κακουχέομαι	2		
3456	ὀπή	2		
3457	κάμνω	2		
3458	εἰρηνικός	2		
3459	ἐπισκοπέω	2		
3460	ῥαντισμός	2		
3461	δοκίμιον	2		
3462	ἔοικα	2		
3463	δίψυχος	2		
3464	ἀκατάστατος	2		
3465	ἀποκυέω	2		
3466	χαλιναγωγέω	2		
3467	ῥυπαρός	2		
3468	χαλινός	2		
3469	μετάγω	2		
3470	σπιλόω	2		
3471	φλογίζω	2		
3472	πικρός	2		
3473	ἄγε	2		
3474	ἐμπορεύομαι	2		
3475	ἀλαζονεία	2		
3476	ἀναγεννάω	2		
3477	ἱεράτευμα	2		
3478	ἐποπτεύω	2		
3479	ἀδελφότης	2		
3480	ἀπόθεσις	2		
3481	ἐπάγγελμα	2		
3482	ταχινός	2		
3483	ἔκπαλαι	2		
3484	ἄθεσμος	2		
3485	συνευωχέομαι	2		
3486	ἀστήρικτος	2		
3487	ὑπέρογκος	2		
3488	ἐμπαίκτης	2		
3489	καυσόομαι	2		
3490	ἀγγελία	2		
3491	ἱλασμός	2		
3492	κυρία	2		
3493	ἐπιδέχομαι	2		
3494	Μιχαήλ	2		
3495	Σμύρνα	2		
3496	Πέργαμος	2		
3497	Φιλαδέλφεια	2		
3498	χαλκολίβανον	2		
3499	Νικολαΐτης	2		
3500	πρωϊνός	2		
3501	σάρδιον	2		
3502	ἶρις	2		
3503	κρύσταλλος	2		
3504	πυρρός	2		
3505	χοῖνιξ	2		
3506	καῦμα	2		
3507	λιβανωτός	2		
3508	Εὐφράτης	2		
3509	Διάβολος	2		
3510	ἑξακόσιοι	2		
3511	κιθαρῳδός	2		
3512	χρυσόω	2		
3513	στρηνιάω	2		
3514	ὕαλος	2		
3515	Ζάρα	1		
3516	Θαμάρ	1		
3517	Ῥαχάβ	1		
3518	Ῥούθ	1		
3519	Οὐρίας	1		
3520	Ἐμμανουήλ	1		
3521	οὐδαμῶς	1		
3522	τελευτή	1		
3523	θυμόομαι	1		
3524	διετής	1		
3525	κατωτέρω	1		
3526	Ῥαμά	1		
3527	Ῥαχήλ	1		
3528	Ἀρχέλαος	1		
3529	διακαθαρίζω	1		
3530	διακωλύω	1		
3531	παραθαλάσσιος	1		
3532	ἀμφίβληστρον	1		
3533	εἰρηνοποιός	1		
3534	ἰῶτα	1		
3535	ῥακά	1		
3536	διαλλάσσομαι	1		
3537	εὐνοέω	1		
3538	ἐπιορκέω	1		
3539	μίλιον	1		
3540	βατταλογέω	1		
3541	πολυλογία	1		
3542	καταμανθάνω	1		
3543	εὐρύχωρος	1		
3544	Γαδαρηνός	1		
3545	δαίμων	1		
3546	αἱμορροέω	1		
3547	διχάζω	1		
3548	βιαστής	1		
3549	αἱρετίζω	1		
3550	ἐρίζω	1		
3551	τύφομαι	1		
3552	κῆτος	1		
3553	ἐπισπείρω	1		
3554	συναυξάνομαι	1		
3555	δέσμη	1		
3556	ἐγκρύπτω	1		
3557	ἐρεύγομαι	1		
3558	ἐκλάμπω	1		
3559	σαγήνη	1		
3560	ἀναβιβάζω	1		
3561	ἄγγος	1		
3562	προβιβάζω	1		
3563	φυτεία	1		
3564	φράζω	1		
3565	ἀκμήν	1		
3566	Χαναναῖος	1		
3567	Μαγαδάν	1		
3568	εὐδία	1		
3569	Βαριωνᾶ	1		
3570	ὀλιγοπιστία	1		
3571	προφθάνω	1		
3572	ἄγκιστρον	1		
3573	στατήρ	1		
3574	ἑβδομηκοντάκις	1		
3575	δάνειον	1		
3576	βασανιστής	1		
3577	τρύπημα	1		
3578	ἐπικαθίζω	1		
3579	θαυμάσιος	1		
3580	σιτιστός	1		
3581	ἐμπορία	1		
3582	ἐμπίμπρημι	1		
3583	διέξοδος	1		
3584	παγιδεύω	1		
3585	νόμισμα	1		
3586	ἐπιγαμβρεύω	1		
3587	φυλακτήριον	1		
3588	ἄνηθον	1		
3589	κύμινον	1		
3590	διϋλίζω	1		
3591	κώνωψ	1		
3592	παρομοιάζω	1		
3593	Βαραχίας	1		
3594	νοσσίον	1		
3595	ψύχομαι	1		
3596	Δανιήλ	1		
3597	φυγή	1		
3598	οἰκετεία	1		
3599	ἀγγεῖον	1		
3600	τραπεζίτης	1		
3601	ἐρίφιον	1		
3602	βαρύτιμος	1		
3603	δεῖνα	1		
3604	ἐξορκίζω	1		
3605	καταθεματίζω	1		
3606	ἀπάγχομαι	1		
3607	κορβανᾶς	1		
3608	ταφή	1		
3609	καθά	1		
3610	ἀπονίπτω	1		
3611	ἀναβοάω	1		
3612	ἔγερσις	1		
3613	τοὔνομα	1		
3614	εἰδέα	1		
3615	ἔσθω	1		
3616	κύπτω	1		
3617	ἀμφιβάλλω	1		
3618	ἔννυχα	1		
3619	καταδιώκω	1		
3620	ἀλλαχοῦ	1		
3621	κωμόπολις	1		
3622	ἀποστεγάζω	1		
3623	ἐπιράπτω	1		
3624	Ἀβιαθάρ	1		
3625	συλλυπέομαι	1		
3626	Ἰδουμαία	1		
3627	Βοανηργές	1		
3628	μηκύνομαι	1		
3629	προσκεφάλαιον	1		
3630	κατοίκησις	1		
3631	κατακόπτω	1		
3632	δισχίλιοι	1		
3633	ἐσχάτως	1		
3634	ταλιθα	1		
3635	κουμ	1		
3636	σπεκουλάτωρ	1		
3637	προσορμίζομαι	1		
3638	περιτρέχω	1		
3639	πυγμή	1		
3640	ξέστης	1		
3641	χαλκίον	1		
3642	Κορβᾶν	1		
3643	παρόμοιος	1		
3644	ὑπερηφανία	1		
3645	Συροφοινίκισσα	1		
3646	μογιλάλος	1		
3647	εφφαθα	1		
3648	περισσότερον	1		
3649	ὑπερπερισσῶς	1		
3650	Δαλμανουθά	1		
3651	ἀναστενάζω	1		
3652	τηλαυγῶς	1		
3653	στίλβω	1		
3654	γναφεύς	1		
3655	ἐξάπινα	1		
3656	ἐξουδενέω	1		
3657	τρίζω	1		
3658	κυλίομαι	1		
3659	παιδιόθεν	1		
3660	ἐπισυντρέχω	1		
3661	σκώληξ	1		
3662	ἄναλος	1		
3663	ἅλα	1		
3664	κατευλογέω	1		
3665	δύσκολος	1		
3666	τρυμαλιά	1		
3667	προσπορεύομαι	1		
3668	Τιμαῖος	1		
3669	Βαρτιμαῖος	1		
3670	ἀναπηδάω	1		
3671	ἄμφοδον	1		
3672	στιβάς	1		
3673	ὑπολήνιον	1		
3674	κεφαλιόω	1		
3675	ἀγρεύω	1		
3676	ἐκθαυμάζω	1		
3677	νουνεχῶς	1		
3678	προμεριμνάω	1		
3679	ἀπόδημος	1		
3680	ἀλεκτοροφωνία	1		
3681	μυρίζω	1		
3682	ἐκπερισσῶς	1		
3683	καταβαρύνομαι	1		
3684	σύσσημον	1		
3685	προαύλιον	1		
3686	ὁμοιάζω	1		
3687	στασιαστής	1		
3688	σμυρνίζω	1		
3689	οὐά	1		
3690	προσάββατον	1		
3691	ἐνειλέω	1		
3692	δύσις	1		
3693	θανάσιμον	1		
3694	ἐπειδήπερ	1		
3695	ἀνατάσσομαι	1		
3696	διήγησις	1		
3697	αὐτόπτης	1		
3698	ἱερατεύω	1		
3699	θυμιάω	1		
3700	σίκερα	1		
3701	διανεύω	1		
3702	περικρύβω	1		
3703	ὄνειδος	1		
3704	διαταράσσω	1		
3705	συγγενίς	1		
3706	γῆρας	1		
3707	ἀναφωνέω	1		
3708	περίοικος	1		
3709	ἐννεύω	1		
3710	πινακίδιον	1		
3711	περιοικέω	1		
3712	ἀνάδειξις	1		
3713	Αὐγοῦστος	1		
3714	Κυρήνιος	1		
3715	ἔγκυος	1		
3716	ἀγραυλέω	1		
3717	τρυγών	1		
3718	νοσσός	1		
3719	ἐθίζω	1		
3720	ἀγκάλη	1		
3721	Ἅννα	1		
3722	Φανουήλ	1		
3723	παρθενία	1		
3724	ἀνθομολογέομαι	1		
3725	συνοδία	1		
3726	πεντεκαιδέκατος	1		
3727	ἡγεμονία	1		
3728	Τιβέριος	1		
3729	Ἰτουραῖος	1		
3730	Τραχωνῖτις	1		
3731	Λυσανίας	1		
3732	Ἀβιληνή	1		
3733	φάραγξ	1		
3734	λεῖος	1		
3735	διασείω	1		
3736	διακαθαίρω	1		
3737	Ἠλί	1		
3738	Ἰανναί	1		
3739	Ναούμ	1		
3740	Ἑσλί	1		
3741	Ναγγαί	1		
3742	Μάαθ	1		
3743	Σεμεΐν	1		
3744	Ἰωσήχ	1		
3745	Ἰωδά	1		
3746	Ἰωανάν	1		
3747	Ῥησά	1		
3748	Νηρί	1		
3749	Ἀδδί	1		
3750	Κωσάμ	1		
3751	Ἐλμαδάμ	1		
3752	Ἤρ	1		
3753	Ἐλιέζερ	1		
3754	Ἰωρίμ	1		
3755	Ἰωνάμ	1		
3756	Μελεά	1		
3757	Μεννά	1		
3758	Ματταθά	1		
3759	Ναθάμ	1		
3760	Ἰωβήλ	1		
3761	Βόος	1		
3762	Ἀδμίν	1		
3763	Ἀρνί	1		
3764	Θάρα	1		
3765	Ναχώρ	1		
3766	Σερούχ	1		
3767	Ῥαγαύ	1		
3768	Φάλεκ	1		
3769	Ἔβερ	1		
3770	Ἀρφαξάδ	1		
3771	Σήμ	1		
3772	Λάμεχ	1		
3773	Μαθουσαλά	1		
3774	Ἰάρετ	1		
3775	Μαλελεήλ	1		
3776	Ἐνώς	1		
3777	Σήθ	1		
3778	στιγμή	1		
3779	διαφυλάσσω	1		
3780	ἀναπτύσσω	1		
3781	αἰχμάλωτος	1		
3782	ἀνάβλεψις	1		
3783	θραύω	1		
3784	πτύσσω	1		
3785	Σάρεπτα	1		
3786	Ἐλισαῖος	1		
3787	Ναιμάν	1		
3788	Σύρος	1		
3789	ὀφρῦς	1		
3790	κατακρημνίζω	1		
3791	ἔα	1		
3792	κατανεύω	1		
3793	κέραμος	1		
3794	παράδοξος	1		
3795	Λευίς	1		
3796	πυκνά	1		
3797	βλητέος	1		
3798	ψώχω	1		
3799	ὁπότε	1		
3800	διανυκτερεύω	1		
3801	Ζηλωτής	1		
3802	πεδινός	1		
3803	παράλιος	1		
3804	ἀπελπίζω	1		
3805	πιέζω	1		
3806	ὑπερεκχύννομαι	1		
3807	ἀντιμετρέω	1		
3808	βαθύνω	1		
3809	πλήμμυρα	1		
3810	συμπίπτω	1		
3811	ῥῆγμα	1		
3812	Ναΐν	1		
3813	ἐκκομίζω	1		
3814	σορός	1		
3815	βασίλειον	1		
3816	δανιστής	1		
3817	διαλείπω	1		
3818	Χουζᾶς	1		
3819	Σουσάννα	1		
3820	ἐπιπορεύομαι	1		
3821	ἰκμάς	1		
3822	συμφύομαι	1		
3823	τελεσφορέω	1		
3824	συντυγχάνω	1		
3825	ἀφυπνόω	1		
3826	καταπλέω	1		
3827	ἀντιπέρα	1		
3828	προσαναλίσκω	1		
3829	ἀποθλίβω	1		
3830	ἐπισιτισμός	1		
3831	κλισία	1		
3832	ἐξαστράπτω	1		
3833	διαγρηγορέω	1		
3834	διαχωρίζομαι	1		
3835	ἀφρός	1		
3836	μόγις	1		
3837	παρακαλύπτομαι	1		
3838	αἰσθάνομαι	1		
3839	ἀνάλημψις	1		
3840	ἄροτρον	1		
3841	ἀρήν	1		
3842	ἀπομάσσομαι	1		
3843	ἡμιθανής	1		
3844	συγκυρία	1		
3845	ὁδεύω	1		
3846	καταδέω	1		
3847	τραῦμα	1		
3848	ἐπιχέω	1		
3849	πανδοχεῖον	1		
3850	πανδοχεύς	1		
3851	προσδαπανάω	1		
3852	παρακαθέζομαι	1		
3853	περισπάομαι	1		
3854	θορυβάζω	1		
3855	κίχρημι	1		
3856	ἀναίδεια	1		
3857	ᾠόν	1		
3858	διανόημα	1		
3859	καθοπλίζω	1		
3860	σκῦλα	1		
3861	μενοῦν	1		
3862	ἐπαθροίζομαι	1		
3863	κρύπτη	1		
3864	ἔνειμι	1		
3865	πήγανον	1		
3866	δυσβάστακτος	1		
3867	προσψαύω	1		
3868	ἀποστοματίζω	1		
3869	θηρεύω	1		
3870	συγκαλύπτω	1		
3871	ἐμβάλλω	1		
3872	μεριστής	1		
3873	εὐφορέω	1		
3874	κόραξ	1		
3875	ἀμφιάζω	1		
3876	μετεωρίζομαι	1		
3877	ἀνέκλειπτος	1		
3878	σιτομέτριον	1		
3879	διαμερισμός	1		
3880	ὄμβρος	1		
3881	κατασύρω	1		
3882	ἀμπελουργός	1		
3883	κόπριον	1		
3884	συγκύπτω	1		
3885	ἀποκλείω	1		
3886	ἐνδέχεται	1		
3887	νοσσιά	1		
3888	ὑδρωπικός	1		
3889	προσαναβαίνω	1		
3890	ἀνώτερον	1		
3891	ἀντικαλέω	1		
3892	δαπάνη	1		
3893	ἀπαρτισμός	1		
3894	κοπρία	1		
3895	ἐπιμελῶς	1		
3896	ἀσώτως	1		
3897	κεράτιον	1		
3898	δακτύλιος	1		
3899	συμφωνία	1		
3900	χορός	1		
3901	διαβάλλω	1		
3902	οἰκονομέω	1		
3903	κόρος	1		
3904	φρονίμως	1		
3905	βύσσος	1		
3906	λαμπρῶς	1		
3907	ἑλκόομαι	1		
3908	ἐπιλείχω	1		
3909	καταψύχω	1		
3910	χάσμα	1		
3911	ἀνένδεκτος	1		
3912	λυσιτελεῖ	1		
3913	μυλικός	1		
3914	συκάμινος	1		
3915	ἀλλογενής	1		
3916	παρατήρησις	1		
3917	τρῆμα	1		
3918	βελόνη	1		
3919	πολλαπλασίων	1		
3920	ἀρχιτελώνης	1		
3921	συκομορέα	1		
3922	τετραπλοῦς	1		
3923	πραγματεύομαι	1		
3924	διαπραγματεύομαι	1		
3925	προσεργάζομαι	1		
3926	εὖγε	1		
3927	κατασφάζω	1		
3928	ὑποστρωννύω	1		
3929	κατάβασις	1		
3930	παρεμβάλλω	1		
3931	χάραξ	1		
3932	περικυκλόω	1		
3933	ἐδαφίζω	1		
3934	ἐκκρέμαμαι	1		
3935	συλλογίζομαι	1		
3936	καταλιθάζω	1		
3937	τρίτον	1		
3938	ἴσως	1		
3939	ἐγκάθετος	1		
3940	ὑποκρίνομαι	1		
3941	γαμίσκω	1		
3942	ἰσάγγελος	1		
3943	πενιχρός	1		
3944	φόβητρον	1		
3945	προμελετάω	1		
3946	στρατόπεδον	1		
3947	ἐκχωρέω	1		
3948	ἀπορία	1		
3949	σάλος	1		
3950	ἀποψύχω	1		
3951	κραιπάλη	1		
3952	ἐπεισέρχομαι	1		
3953	ὀρθρίζω	1		
3954	φιλονεικία	1		
3955	εὐεργέτης	1		
3956	ἐξαιτέομαι	1		
3957	σινιάζω	1		
3958	βολή	1		
3959	ἀγωνία	1		
3960	ἐκτενέστερον	1		
3961	ἱδρώς	1		
3962	θρόμβος	1		
3963	περιάπτω	1		
3964	ἐπισχύω	1		
3965	παμπληθεί	1		
3966	ἐπικρίνω	1		
3967	ὑγρός	1		
3968	συμπαραγίνομαι	1		
3969	θεωρία	1		
3970	συγκατατίθεμαι	1		
3971	λαξευτός	1		
3972	λῆρος	1		
3973	Ἐμμαοῦς	1		
3974	ἀντιβάλλω	1		
3975	Κλεοπᾶς	1		
3976	ὀρθρινός	1		
3977	προσποιέομαι	1		
3978	πορρώτερον	1		
3979	ἄφαντος	1		
3980	ἀθροίζω	1		
3981	βρώσιμος	1		
3982	ὀπτός	1		
3983	μετρητής	1		
3984	κερματιστής	1		
3985	φραγέλλιον	1		
3986	κέρμα	1		
3987	ἐμπόριον	1		
3988	γέρων	1		
3989	Αἰνών	1		
3990	Σαλείμ	1		
3991	καίτοιγε	1		
3992	Συχάρ	1		
3993	συγχράομαι	1		
3994	ἄντλημα	1		
3995	θρέμμα	1		
3996	προσκυνητής	1		
3997	τετράμηνος	1		
3998	κομψότερον	1		
3999	προβατικός	1		
4000	Βηθεσδά	1		
4001	ἐκνεύω	1		
4002	παιδάριον	1		
4003	βιβρώσκω	1		
4004	σκηνοπηγία	1		
4005	μεσόω	1		
4006	πότερον	1		
4007	χολάω	1		
4008	ἐπάρατος	1		
4009	ἐλαία	1		
4010	παραγίνομαι	1		
4011	ἱερόν	1		
4012	λαός	1		
4013	καθίζω	1		
4014	διδάσκω	1		
4015	γραμματεύς	1		
4016	μοιχεία	1		
4017	διδάσκαλος	1		
4018	αὐτόφωρος	1		
4019	μοιχεύω	1		
4020	νόμος	1		
4021	ἐντέλλομαι	1		
4022	τίς	1		
4023	κατηγορέω	1		
4024	κάτω	1		
4025	δάκτυλος	1		
4026	προσποιέω	1		
4027	ἐπιμένω	1		
4028	ἐρωτάω	1		
4029	ἀναμάρτητος	1		
4030	λίθος	1		
4031	βάλλω	1		
4032	γράφω	1		
4033	ἀκούω	1		
4034	ἐξέρχομαι	1		
4035	κατά	1		
4036	ἀπό	1		
4037	πρεσβύτερος	1		
4038	καταλείπω	1		
4039	μόνος	1		
4040	ἀνακύπτω	1		
4041	κατακρίνω	1		
4042	κύριος	1		
4043	οὐδέ	1		
4044	μηκέτι	1		
4045	ἁμαρτάνω	1		
4046	γενετή	1		
4047	πτύσμα	1		
4048	προσαιτέω	1		
4049	θεοσεβής	1		
4050	ἀλλαχόθεν	1		
4051	ἐγκαίνια	1		
4052	ἐξυπνίζω	1		
4053	κοίμησις	1		
4054	συμμαθητής	1		
4055	δακρύω	1		
4056	ὄζω	1		
4057	τεταρταῖος	1		
4058	κειρία	1		
4059	περιδέω	1		
4060	Ἐφραίμ	1		
4061	βάϊον	1		
4062	ὀνάριον	1		
4063	ἤπερ	1		
4064	νιπτήρ	1		
4065	πτέρνα	1		
4066	δειλιάω	1		
4067	καθαίρω	1		
4068	χείμαρρος	1		
4069	Κεδρών	1		
4070	φανός	1		
4071	Μάλχος	1		
4072	θήκη	1		
4073	πενθερός	1		
4074	οὐκοῦν	1		
4075	λιθόστρωτος	1		
4076	Γαββαθα	1		
4077	Ῥωμαϊστί	1		
4078	ἄραφος	1		
4079	ὑφαντός	1		
4080	Κλωπᾶς	1		
4081	λόγχη	1		
4082	νύσσω	1		
4083	μίγμα	1		
4084	ἀλόη	1		
4085	κηπουρός	1		
4086	ἀγγέλλω	1		
4087	ἐμφυσάω	1		
4088	ἁλιεύω	1		
4089	προσφάγιον	1		
4090	ἐπενδύτης	1		
4091	τεκμήριον	1		
4092	ὀπτάνομαι	1		
4093	συναλίζομαι	1		
4094	περιμένω	1		
4095	ἐλαιών	1		
4096	καταμένω	1		
4097	καταριθμέω	1		
4098	πρηνής	1		
4099	λακάω	1		
4100	Ἁκελδαμάχ	1		
4101	ἔπαυλις	1		
4102	συγκαταψηφίζομαι	1		
4103	βίαιος	1		
4104	Πάρθος	1		
4105	Μῆδος	1		
4106	Ἐλαμίτης	1		
4107	Λιβύη	1		
4108	Κυρήνη	1		
4109	Ἄραψ	1		
4110	μεγαλεῖος	1		
4111	διαχλευάζω	1		
4112	γλεῦκος	1		
4113	μεστόω	1		
4114	ἐνωτίζομαι	1		
4115	Ἰωήλ	1		
4116	ἐνύπνιον	1		
4117	ἐπιφανής	1		
4118	ἔκδοτος	1		
4119	προσπήγνυμι	1		
4120	κατανύσσομαι	1		
4121	τρισχίλιοι	1		
4122	ἀφελότης	1		
4123	βάσις	1		
4124	σφυδρόν	1		
4125	ἐξάλλομαι	1		
4126	ἔκθαμβος	1		
4127	ὁλοκληρία	1		
4128	ἀνάψυξις	1		
4129	ἀποκατάστασις	1		
4130	ἐξολεθρεύω	1		
4131	ἀρχιερατικός	1		
4132	οἰκοδόμος	1		
4133	ἀγράμματος	1		
4134	διανέμω	1		
4135	καθόλου	1		
4136	προσαπειλέομαι	1		
4137	φρυάσσω	1		
4138	ἐνδεής	1		
4139	κτήτωρ	1		
4140	Σάπφιρα	1		
4141	διάστημα	1		
4142	Στοά	1		
4143	κλινάριον	1		
4144	πέριξ	1		
4145	ὀχλέομαι	1		
4146	γερουσία	1		
4147	Θευδᾶς	1		
4148	προσκλίνομαι	1		
4149	διαλύω	1		
4150	θεομάχος	1		
4151	παραθεωρέω	1		
4152	καθημερινός	1		
4153	Πρόχορος	1		
4154	Νικάνωρ	1		
4155	Τίμων	1		
4156	Παρμενᾶς	1		
4157	Νικόλαος	1		
4158	Ἀντιοχεύς	1		
4159	Λιβερτῖνος	1		
4160	ὑποβάλλω	1		
4161	συγκινέω	1		
4162	Χαλδαῖος	1		
4163	χόρτασμα	1		
4164	σιτίον	1		
4165	ἀναγνωρίζομαι	1		
4166	ὠνέομαι	1		
4167	Ἑμμώρ	1		
4168	κατασοφίζομαι	1		
4169	ἔκθετος	1		
4170	ἀμύνομαι	1		
4171	συναλλάσσω	1		
4172	Μαδιάμ	1		
4173	κάκωσις	1		
4174	λυτρωτής	1		
4175	Ἐρυθρός	1		
4176	Θάλασσα	1		
4177	μοσχοποιέω	1		
4178	σφάγιον	1		
4179	Μολόχ	1		
4180	Ῥαιφάν	1		
4181	ἐπέκεινα	1		
4182	διαδέχομαι	1		
4183	σκληροτράχηλος	1		
4184	ἀπερίτμητος	1		
4185	ἀντιπίπτω	1		
4186	ἔλευσις	1		
4187	βρύχω	1		
4188	ἀναίρεσις	1		
4189	συγκομίζω	1		
4190	κοπετός	1		
4191	λυμαίνομαι	1		
4192	μαγεύω	1		
4193	μαγεία	1		
4194	ἐπίνοια	1		
4195	Γάζα	1		
4196	Κανδάκη	1		
4197	γάζα	1		
4198	περιοχή	1		
4199	Ἄζωτος	1		
4200	ἐμπνέω	1		
4201	συνοδεύω	1		
4202	ἐνέος	1		
4203	ἀποπίπτω	1		
4204	λεπίς	1		
4205	Σαρών	1		
4206	μαθήτρια	1		
4207	ὀκνέω	1		
4208	Ἰταλικός	1		
4209	ὁδοιπορέω	1		
4210	πρόσπεινος	1		
4211	διερωτάω	1		
4212	διενθυμέομαι	1		
4213	εἰσκαλέομαι	1		
4214	συνομιλέω	1		
4215	ἀλλόφυλος	1		
4216	ἀναντιρρήτως	1		
4217	προσωπολήμπτης	1		
4218	εὐεργετέω	1		
4219	προχειροτονέω	1		
4220	συμπίνω	1		
4221	πρώτως	1		
4222	εὐπορέομαι	1		
4223	τετράδιον	1		
4224	οἴκημα	1		
4225	Ῥόδη	1		
4226	εἰστρέχω	1		
4227	θυμομαχέω	1		
4228	Τύριος	1		
4229	Βλάστος	1		
4230	κοιτών	1		
4231	τακτός	1		
4232	δημηγορέω	1		
4233	σκωληκόβρωτος	1		
4234	Νίγερ	1		
4235	Μαναήν	1		
4236	σύντροφος	1		
4237	Σελεύκεια	1		
4238	Σαλαμίς	1		
4239	Βαριησοῦς	1		
4240	Σέργιος	1		
4241	Ἐλύμας	1		
4242	ῥᾳδιουργία	1		
4243	ἀχλύς	1		
4244	χειραγωγός	1		
4245	τροποφορέω	1		
4246	κατακληρονομέω	1		
4247	Κίς	1		
4248	προκηρύσσω	1		
4249	ἐκπληρόω	1		
4250	καταφρονητής	1		
4251	παροτρύνω	1		
4252	Λυκαονία	1		
4253	Λυκαονιστί	1		
4254	στέμμα	1		
4255	ἐκπηδάω	1		
4256	παροίχομαι	1		
4257	ἀμάρτυρος	1		
4258	ἀγαθουργέω	1		
4259	καρποφόρος	1		
4260	Ἀττάλεια	1		
4261	ἐπιστροφή	1		
4262	κατάλοιπος	1		
4263	παρενοχλέω	1		
4264	ἀλίσγημα	1		
4265	ἀνασκευάζω	1		
4266	ἐπάναγκες	1		
4267	ῥώννυμαι	1		
4268	Σαμοθρᾴκη	1		
4269	Νέα	1		
4270	Πόλις	1		
4271	κολωνία	1		
4272	πορφυρόπωλις	1		
4273	πύθων	1		
4274	μαντεύομαι	1		
4275	ἐκταράσσω	1		
4276	συνεφίστημι	1		
4277	περιρήγνυμι	1		
4278	ἐπακροάομαι	1		
4279	θεμέλιον	1		
4280	ἔξυπνος	1		
4281	εἰσπηδάω	1		
4282	πανοικεί	1		
4283	Ἀμφίπολις	1		
4284	Ἀπολλωνία	1		
4285	προσκληρόομαι	1		
4286	ὀχλοποιέω	1		
4287	κατείδωλος	1		
4288	παρατυγχάνω	1		
4289	Ἐπικούρειος	1		
4290	Στοϊκός	1		
4291	φιλόσοφος	1		
4292	σπερμολόγος	1		
4293	καταγγελεύς	1		
4294	δεισιδαίμων	1		
4295	βωμός	1		
4296	ἄγνωστος	1		
4297	προσδέομαι	1		
4298	ὁροθεσία	1		
4299	κατοικία	1		
4300	ὑπεροράω	1		
4301	χλευάζω	1		
4302	Διονύσιος	1		
4303	Ἀρεοπαγίτης	1		
4304	Δάμαρις	1		
4305	Ποντικός	1		
4306	προσφάτως	1		
4307	ὁμότεχνος	1		
4308	σκηνοποιός	1		
4309	Τίτιος	1		
4310	συνομορέω	1		
4311	κατεφίστημι	1		
4312	ἀναπείθω	1		
4313	ῥᾳδιούργημα	1		
4314	ἀπελαύνω	1		
4315	ἐπινεύω	1		
4316	λόγιος	1		
4317	προτρέπομαι	1		
4318	διακατελέγχομαι	1		
4319	ἀνωτερικός	1		
4320	σχολή	1		
4321	Τύραννος	1		
4322	χρώς	1		
4323	σιμικίνθιον	1		
4324	ἐξορκιστής	1		
4325	Σκευᾶς	1		
4326	ἐφάλλομαι	1		
4327	συμψηφίζω	1		
4328	ἀργυροκόπος	1		
4329	εὐπορία	1		
4330	ἀπελεγμός	1		
4331	θεά	1		
4332	σύγχυσις	1		
4333	Ἀσιάρχης	1		
4334	νεωκόρος	1		
4335	διοπετής	1		
4336	ἀναντίρρητος	1		
4337	ἱερόσυλος	1		
4338	περαιτέρω	1		
4339	αἴτιον	1		
4340	Ἑλλάς	1		
4341	συνέπομαι	1		
4342	Σώπατρος	1		
4343	Πύρρος	1		
4344	Βεροιαῖος	1		
4345	Σεκοῦνδος	1		
4346	Δερβαῖος	1		
4347	Ἀσιανός	1		
4348	παρατείνω	1		
4349	Εὔτυχος	1		
4350	τρίστεγον	1		
4351	συμπεριλαμβάνω	1		
4352	αὐγή	1		
4353	μετρίως	1		
4354	πεζεύω	1		
4355	Μιτυλήνη	1		
4356	ἄντικρυς	1		
4357	Χίος	1		
4358	παραβάλλω	1		
4359	Σάμος	1		
4360	παραπλέω	1		
4361	χρονοτριβέω	1		
4362	ἄφιξις	1		
4363	τριετία	1		
4364	Κώς	1		
4365	Ῥόδος	1		
4366	Πάταρα	1		
4367	ἀποφορτίζομαι	1		
4368	διανύω	1		
4369	Πτολεμαΐς	1		
4370	ἐντόπιος	1		
4371	συνθρύπτω	1		
4372	ἐπισκευάζομαι	1		
4373	Μνάσων	1		
4374	ἀσμένως	1		
4375	ἐκπλήρωσις	1		
4376	ἁγνισμός	1		
4377	πανταχῇ	1		
4378	συνδρομή	1		
4379	φάσις	1		
4380	κατατρέχω	1		
4381	σικάριος	1		
4382	ἄσημος	1		
4383	ἀκρίβεια	1		
4384	ἔδαφος	1		
4385	φυλακίζω	1		
4386	προτείνω	1		
4387	μαστίζω	1		
4388	τοῖχος	1		
4389	παρανομέω	1		
4390	διαμάχομαι	1		
4391	συνωμοσία	1		
4392	ἐκλαλέω	1		
4393	δεξιολάβος	1		
4394	Ἀντιπατρίς	1		
4395	ἀναδίδωμι	1		
4396	διακούω	1		
4397	ῥήτωρ	1		
4398	διόρθωμα	1		
4399	πάντῃ	1		
4400	πρωτοστάτης	1		
4401	συνεπιτίθεμαι	1		
4402	εὐθύμως	1		
4403	ἀσκέω	1		
4404	ἀναβάλλομαι	1		
4405	Δρούσιλλα	1		
4406	διάδοχος	1		
4407	Πόρκιος	1		
4408	συγκαταβαίνω	1		
4409	αἰτίωμα	1		
4410	καταδίκη	1		
4411	ἀναβολή	1		
4412	δεισιδαιμονία	1		
4413	διάγνωσις	1		
4414	φαντασία	1		
4415	ἀκροατήριον	1		
4416	ἐξοχή	1		
4417	συμπάρειμι	1		
4418	ἀνάκρισις	1		
4419	γνώστης	1		
4420	μακροθύμως	1		
4421	βίωσις	1		
4422	ἀκριβής	1		
4423	δωδεκάφυλον	1		
4424	ἐκτένεια	1		
4425	ἐμμαίνομαι	1		
4426	ἐπιτροπή	1		
4427	λαμπρότης	1		
4428	λακτίζω	1		
4429	πειράω	1		
4430	ἐπικουρία	1		
4431	παθητός	1		
4432	μανία	1		
4433	περιτρέπω	1		
4434	Ἀδραμυττηνός	1		
4435	φιλανθρώπως	1		
4436	ἐπιμέλεια	1		
4437	διαπλέω	1		
4438	Μύρα	1		
4439	Λυκία	1		
4440	ἐμβιβάζω	1		
4441	βραδυπλοέω	1		
4442	Κνίδος	1		
4443	προσεάω	1		
4444	Σαλμώνη	1		
4445	Καλός	1		
4446	Λιμήν	1		
4447	Λασαία	1		
4448	ἐπισφαλής	1		
4449	ναύκληρος	1		
4450	ἀνεύθετος	1		
4451	παραχειμασία	1		
4452	Φοῖνιξ	1		
4453	λίψ	1		
4454	χῶρος	1		
4455	ὑποπνέω	1		
4456	ἆσσον	1		
4457	τυφωνικός	1		
4458	εὐρακύλων	1		
4459	ἀντοφθαλμέω	1		
4460	ὑποτρέχω	1		
4461	νησίον	1		
4462	Καῦδα	1		
4463	περικρατής	1		
4464	ὑποζώννυμι	1		
4465	Σύρτις	1		
4466	σφοδρῶς	1		
4467	χειμάζομαι	1		
4468	ἐκβολή	1		
4469	αὐτόχειρ	1		
4470	σκευή	1		
4471	ἀσιτία	1		
4472	Ἀδρίας	1		
4473	ἄσιτος	1		
4474	διατελέω	1		
4475	εὔθυμος	1		
4476	κουφίζω	1		
4477	ζευκτηρία	1		
4478	ἀρτέμων	1		
4479	διθάλασσος	1		
4480	ἐπικέλλω	1		
4481	ναῦς	1		
4482	ἐρείδω	1		
4483	ἐκκολυμβάω	1		
4484	διαφεύγω	1		
4485	κολυμβάω	1		
4486	ἀπορίπτω	1		
4487	σανίς	1		
4488	Μελίτη	1		
4489	φρύγανον	1		
4490	θέρμη	1		
4491	καθάπτω	1		
4492	πίμπρημι	1		
4493	μεταβάλλομαι	1		
4494	φιλοφρόνως	1		
4495	δυσεντέριον	1		
4496	παράσημος	1		
4497	Διόσκουροι	1		
4498	Συράκουσαι	1		
4499	Ῥήγιον	1		
4500	ἐπιγίνομαι	1		
4501	δευτεραῖος	1		
4502	Ποτίολοι	1		
4503	Ἀππίου	1		
4504	Φόρον	1		
4505	Τρεῖς	1		
4506	Ταβέρνη	1		
4507	θάρσος	1		
4508	ἀσύμφωνος	1		
4509	σύνιημι	1		
4510	μίσθωμα	1		
4511	ἀκωλύτως	1		
4512	συμπαρακαλέομαι	1		
4513	θειότης	1		
4514	καθοράω	1		
4515	ματαιόομαι	1		
4516	σεβάζομαι	1		
4517	ἐκκαίομαι	1		
4518	ὄρεξις	1		
4519	κακοήθεια	1		
4520	ψιθυριστής	1		
4521	κατάλαλος	1		
4522	θεοστυγής	1		
4523	ἐφευρετής	1		
4524	ἀσύνθετος	1		
4525	ἀνελεήμων	1		
4526	σκληρότης	1		
4527	ἀμετανόητος	1		
4528	δικαιοκρισία	1		
4529	γραπτός	1		
4530	ἐπονομάζομαι	1		
4531	ἱεροσυλέω	1		
4532	ψεῦσμα	1		
4533	προέχομαι	1		
4534	προαιτιάομαι	1		
4535	ἀχρειόομαι	1		
4536	λάρυγξ	1		
4537	δολιόω	1		
4538	ἀσπίς	1		
4539	ἀρά	1		
4540	σύντριμμα	1		
4541	ὑπόδικος	1		
4542	πάρεσις	1		
4543	προγίνομαι	1		
4544	προπάτωρ	1		
4545	ἐπικαλύπτω	1		
4546	ἑκατονταετής	1		
4547	σύμφυτος	1		
4548	ἤτοι	1		
4549	ὕπανδρος	1		
4550	παλαιότης	1		
4551	σύμφημι	1		
4552	συνήδομαι	1		
4553	ἀντιστρατεύομαι	1		
4554	συνδοξάζομαι	1		
4555	συστενάζω	1		
4556	συνωδίνω	1		
4557	ὑπερεντυγχάνω	1		
4558	ἀλάλητος	1		
4559	ὑπερνικάω	1		
4560	νομοθεσία	1		
4561	Ῥεβέκκα	1		
4562	πλάσμα	1		
4563	Ὡσηέ	1		
4564	ὑπόλειμμα	1		
4565	συντέμνω	1		
4566	ἀποτολμάω	1		
4567	ἐκπετάννυμι	1		
4568	ὑπολείπω	1		
4569	χρηματισμός	1		
4570	ἑπτακισχίλιοι	1		
4571	Βάαλ	1		
4572	λεῖμμα	1		
4573	κατάνυξις	1		
4574	θήρα	1		
4575	νῶτος	1		
4576	συγκάμπτω	1		
4577	πρόσλημψις	1		
4578	πιότης	1		
4579	καλλιέλαιος	1		
4580	ἀνεξεραύνητος	1		
4581	σύμβουλος	1		
4582	προδίδωμι	1		
4583	ὑπερφρονέω	1		
4584	ἀναλογία	1		
4585	ἱλαρότης	1		
4586	ἀποστυγέω	1		
4587	φιλόστοργος	1		
4588	προηγέομαι	1		
4589	ἄνθραξ	1		
4590	ἐγγύτερον	1		
4591	ἀσθένημα	1		
4592	τολμηρότερον	1		
4593	ἐπαναμιμνῄσκω	1		
4594	ἱερουργέω	1		
4595	Ἰλλυρικόν	1		
4596	ἐπιποθία	1		
4597	συναγωνίζομαι	1		
4598	συναναπαύομαι	1		
4599	Φοίβη	1		
4600	προστάτις	1		
4601	Ἐπαίνετος	1		
4602	Ἀνδρόνικος	1		
4603	Ἰουνία	1		
4604	Ἀμπλιᾶτος	1		
4605	Οὐρβανός	1		
4606	Στάχυς	1		
4607	Ἀπελλῆς	1		
4608	Ἀριστόβουλος	1		
4609	Ἡρῳδίων	1		
4610	Νάρκισσος	1		
4611	Τρύφαινα	1		
4612	Τρυφῶσα	1		
4613	Περσίς	1		
4614	Ἀσύγκριτος	1		
4615	Φλέγων	1		
4616	Πατροβᾶς	1		
4617	Ἑρμᾶς	1		
4618	Φιλόλογος	1		
4619	Ἰουλία	1		
4620	Νηρεύς	1		
4621	Ὀλυμπᾶς	1		
4622	χρηστολογία	1		
4623	ἀφικνέομαι	1		
4624	Σωσίπατρος	1		
4625	Τέρτιος	1		
4626	Κούαρτος	1		
4627	Χλόη	1		
4628	συζητητής	1		
4629	ἀγενής	1		
4630	πειθός	1		
4631	ἀπόδειξις	1		
4632	γεώργιον	1		
4633	ἀρχιτέκτων	1		
4634	καλάμη	1		
4635	δράσσομαι	1		
4636	ἐπιθανάτιος	1		
4637	γυμνιτεύω	1		
4638	ἀστατέω	1		
4639	δυσφημέω	1		
4640	περικάθαρμα	1		
4641	περίψημα	1		
4642	ἑορτάζω	1		
4643	ἐξαίρω	1		
4644	ἀνάξιος	1		
4645	μήτιγε	1		
4646	σύμφωνος	1		
4647	συγγνώμη	1		
4648	ἐπισπάομαι	1		
4649	ἀπελεύθερος	1		
4650	λύσις	1		
4651	βρόχος	1		
4652	εὐπάρεδρον	1		
4653	ἀπερισπάστως	1		
4654	ὑπέρακμος	1		
4655	εἰδωλεῖον	1		
4656	κημόω	1		
4657	ἐγκοπή	1		
4658	παρεδρεύω	1		
4659	συμμερίζομαι	1		
4660	ἄκων	1		
4661	ἀδάπανος	1		
4662	στάδιον	1		
4663	ἀδήλως	1		
4664	πυκτεύω	1		
4665	δουλαγωγέω	1		
4666	καταστρώννυμι	1		
4667	ἐπιθυμητής	1		
4668	παίζω	1		
4669	ὀλοθρευτής	1		
4670	τυπικῶς	1		
4671	μάκελλον	1		
4672	ἱερόθυτος	1		
4673	κόμη	1		
4674	φιλόνεικος	1		
4675	ἀναξίως	1		
4676	ὄσφρησις	1		
4677	ἀσχήμων	1		
4678	εὐσχημοσύνη	1		
4679	ἀντίλημψις	1		
4680	κυβέρνησις	1		
4681	ἠχέω	1		
4682	κύμβαλον	1		
4683	χρηστεύομαι	1		
4684	περπερεύομαι	1		
4685	αἴνιγμα	1		
4686	παραμυθία	1		
4687	ἄψυχος	1		
4688	αὐλός	1		
4689	εὔσημος	1		
4690	νηπιάζω	1		
4691	ἑτερόγλωσσος	1		
4692	διερμηνευτής	1		
4693	ὡσπερεί	1		
4694	ἔκτρωμα	1		
4695	τάγμα	1		
4696	νή	1		
4697	θηριομαχέω	1		
4698	ἦθος	1		
4699	ὁμιλία	1		
4700	ἐκνήφω	1		
4701	πτηνόν	1		
4702	ἄτομος	1		
4703	ῥιπή	1		
4704	ἀμετακίνητος	1		
4705	πάροδος	1		
4706	ἀνδρίζομαι	1		
4707	Φορτουνᾶτος	1		
4708	Ἀχαϊκός	1		
4709	μαράνα	1		
4710	θά	1		
4711	ἀπόκριμα	1		
4712	συνυπουργέω	1		
4713	ἐλαφρία	1		
4714	ἐπιτιμία	1		
4715	καπηλεύω	1		
4716	συστατικός	1		
4717	ἱκανότης	1		
4718	ἐντυπόω	1		
4719	κατοπτρίζομαι	1		
4720	ἀπεῖπον	1		
4721	δολόω	1		
4722	αὐγάζω	1		
4723	παραυτίκα	1		
4724	ἐπακούω	1		
4725	προσκοπή	1		
4726	δυσφημία	1		
4727	εὐφημία	1		
4728	ἑτεροζυγέω	1		
4729	μετοχή	1		
4730	συμφώνησις	1		
4731	Βελιάρ	1		
4732	συγκατάθεσις	1		
4733	ἐμπεριπατέω	1		
4734	εἰσδέχομαι	1		
4735	μολυσμός	1		
4736	ἀγανάκτησις	1		
4737	πτωχεύω	1		
4738	ἐλαττονέω	1		
4739	ἁδρότης	1		
4740	ἀπαρασκεύαστος	1		
4741	προκαταρτίζω	1		
4742	προαιρέομαι	1		
4743	ἱλαρός	1		
4744	δότης	1		
4745	πένης	1		
4746	ἀνεκδιήγητος	1		
4747	ὀχύρωμα	1		
4748	ἐκφοβέω	1		
4749	ἐγκρίνω	1		
4750	ὑπερεκτείνω	1		
4751	ὑπερέκεινα	1		
4752	ἁρμόζομαι	1		
4753	συλάω	1		
4754	ἀβαρής	1		
4755	ψευδαπόστολος	1		
4756	δόλιος	1		
4757	παραφρονέω	1		
4758	ὑπερβαλλόντως	1		
4759	πεντάκις	1		
4760	νυχθήμερον	1		
4761	βυθός	1		
4762	δίψος	1		
4763	ἐθνάρχης	1		
4764	Ἁρέτας	1		
4765	Δαμασκηνός	1		
4766	σαργάνη	1		
4767	ἄρρητος	1		
4768	σκόλοψ	1		
4769	ἐπισκηνόω	1		
4770	ἐκδαπανάομαι	1		
4771	καταβαρέω	1		
4772	πανοῦργος	1		
4773	συναποστέλλω	1		
4774	ψιθυρισμός	1		
4775	φυσίωσις	1		
4776	κατάρτισις	1		
4777	συνηλικιώτης	1		
4778	πατρικός	1		
4779	ἱστορέω	1		
4780	παρείσακτος	1		
4781	κατασκοπέω	1		
4782	εἴκω	1		
4783	συνυποκρίνομαι	1		
4784	ὀρθοποδέω	1		
4785	ἐθνικῶς	1		
4786	Ἰουδαϊκῶς	1		
4787	ἰουδαΐζω	1		
4788	συνιστάνω	1		
4789	Γαλάτης	1		
4790	βασκαίνω	1		
4791	προευαγγελίζομαι	1		
4792	ἐπιδιατάσσομαι	1		
4793	προκυρόω	1		
4794	προθεσμία	1		
4795	στοιχεῖα	1		
4796	ἐκπτύω	1		
4797	μορφόω	1		
4798	ἀλληγορέω	1		
4799	συστοιχέω	1		
4800	πεισμονή	1		
4801	δάκνω	1		
4802	κενόδοξος	1		
4803	προκαλέομαι	1		
4804	φθονέω	1		
4805	φρεναπατάω	1		
4806	μυκτηρίζω	1		
4807	εὐπροσωπέω	1		
4808	στίγμα	1		
4809	κληρόω	1		
4810	προελπίζω	1		
4811	μέγεθος	1		
4812	ἄθεος	1		
4813	μεσότοιχον	1		
4814	συμπολίτης	1		
4815	συνοικοδομέω	1		
4816	σύσσωμος	1		
4817	πολυποίκιλος	1		
4818	ἐξισχύω	1		
4819	αἰχμαλωτεύω	1		
4820	κατώτερος	1		
4821	καταρτισμός	1		
4822	κλυδωνίζομαι	1		
4823	κυβεία	1		
4824	ἀπαλγέω	1		
4825	ἀνανεόω	1		
4826	ἐπιδύω	1		
4827	παροργισμός	1		
4828	αἰσχρότης	1		
4829	μωρολογία	1		
4830	εὐτραπελία	1		
4831	κρυφῇ	1		
4832	ἐπιφαύσκω	1		
4833	ἄσοφος	1		
4834	ῥυτίς	1		
4835	μακροχρόνιος	1		
4836	εὔνοια	1		
4837	πάλη	1		
4838	κοσμοκράτωρ	1		
4839	ἑτοιμασία	1		
4840	θυρεός	1		
4841	βέλος	1		
4842	προσκαρτέρησις	1		
4843	ἄνοιξις	1		
4844	αἴσθησις	1		
4845	ἁγνῶς	1		
4846	πτύρομαι	1		
4847	παραμύθιον	1		
4848	σύμψυχος	1		
4849	κενοδοξία	1		
4850	ἁρπαγμός	1		
4851	ὑπερυψόω	1		
4852	καταχθόνιος	1		
4853	ἀπουσία	1		
4854	εὐψυχέω	1		
4855	ἰσόψυχος	1		
4856	γνησίως	1		
4857	παραπλήσιον	1		
4858	ἀλυπότερος	1		
4859	παραβολεύομαι	1		
4860	κατατομή	1		
4861	ὀκταήμερος	1		
4862	σκύβαλον	1		
4863	συμμορφίζομαι	1		
4864	ἐξανάστασις	1		
4865	ἐπεκτείνομαι	1		
4866	σκοπός	1		
4867	ἑτέρως	1		
4868	συμμιμητής	1		
4869	πολίτευμα	1		
4870	ἐπιπόθητος	1		
4871	Εὐοδία	1		
4872	Συντύχη	1		
4873	σύζυγος	1		
4874	Κλήμης	1		
4875	προσφιλής	1		
4876	εὔφημος	1		
4877	μεγάλως	1		
4878	ἀναθάλλω	1		
4879	ἀκαιρέομαι	1		
4880	αὐτάρκης	1		
4881	μυέομαι	1		
4882	Φιλιππήσιος	1		
4883	λῆμψις	1		
4884	Κολοσσαί	1		
4885	προακούω	1		
4886	ἀρεσκεία	1		
4887	ὁρατός	1		
4888	πρωτεύω	1		
4889	εἰρηνοποιέω	1		
4890	μετακινέω	1		
4891	ἀνταναπληρόω	1		
4892	πιθανολογία	1		
4893	στερέωμα	1		
4894	συλαγωγέω	1		
4895	φιλοσοφία	1		
4896	θεότης	1		
4897	σωματικῶς	1		
4898	ἀπέκδυσις	1		
4899	χειρόγραφον	1		
4900	προσηλόω	1		
4901	νουμηνία	1		
4902	καταβραβεύω	1		
4903	ἐμβατεύω	1		
4904	δογματίζομαι	1		
4905	ἀπόχρησις	1		
4906	ἐθελοθρησκία	1		
4907	ἀφειδία	1		
4908	πλησμονή	1		
4909	αἰσχρολογία	1		
4910	Σκύθης	1		
4911	μομφή	1		
4912	βραβεύω	1		
4913	εὐχάριστος	1		
4914	ἀθυμέω	1		
4915	ἀνταπόδοσις	1		
4916	ἀνεψιός	1		
4917	παρηγορία	1		
4918	Ἱεράπολις	1		
4919	Νύμφας	1		
4920	Λαοδικεύς	1		
4921	ἐξηχέομαι	1		
4922	ἀναμένω	1		
4923	προπάσχω	1		
4924	κολακεία	1		
4925	τροφός	1		
4926	ὁμείρομαι	1		
4927	ὁσίως	1		
4928	συμφυλέτης	1		
4929	ἐκδιώκω	1		
4930	ἀπορφανίζω	1		
4931	σαίνομαι	1		
4932	θεοδίδακτος	1		
4933	κέλευσμα	1		
4934	ἄτακτος	1		
4935	ὀλιγόψυχος	1		
4936	ὁλοτελής	1		
4937	ἐνορκίζω	1		
4938	ὑπεραυξάνω	1		
4939	ἐγκαυχάομαι	1		
4940	ἔνδειγμα	1		
4941	τίνω	1		
4942	ἀτακτέω	1		
4943	περιεργάζομαι	1		
4944	καλοποιέω	1		
4945	σημειόομαι	1		
4946	ἀπέραντος	1		
4947	ἐκζήτησις	1		
4948	ματαιολογία	1		
4949	πατρολῴας	1		
4950	μητρολῴας	1		
4951	ἀνδροφόνος	1		
4952	ἀνδραποδιστής	1		
4953	ἐπίορκος	1		
4954	διώκτης	1		
4955	ὑπερπλεονάζω	1		
4956	ἤρεμος	1		
4957	ἀντίλυτρον	1		
4958	καταστολή	1		
4959	αἰδώς	1		
4960	πλέγμα	1		
4961	θεοσέβεια	1		
4962	αὐθεντέω	1		
4963	τεκνογονία	1		
4964	νεόφυτος	1		
4965	δίλογος	1		
4966	βαθμός	1		
4967	ἑδραίωμα	1		
4968	ὁμολογουμένως	1		
4969	ῥητῶς	1		
4970	ψευδολόγος	1		
4971	καυστηριάζω	1		
4972	μετάλημψις	1		
4973	ἀπόβλητος	1		
4974	ἐντρέφομαι	1		
4975	γραώδης	1		
4976	γυμνασία	1		
4977	ἐπιπλήσσω	1		
4978	ἔκγονον	1		
4979	πρῶτον	1		
4980	ἀμοιβή	1		
4981	μονόομαι	1		
4982	καταλέγω	1		
4983	τεκνοτροφέω	1		
4984	ξενοδοχέω	1		
4985	καταστρηνιάω	1		
4986	φλύαρος	1		
4987	τεκνογονέω	1		
4988	οἰκοδεσποτέω	1		
4989	πρόκριμα	1		
4990	πρόσκλισις	1		
4991	ὑδροποτέω	1		
4992	στόμαχος	1		
4993	ἄλλως	1		
4994	νοσέω	1		
4995	λογομαχία	1		
4996	ὑπόνοια	1		
4997	διαπαρατριβή	1		
4998	διατροφή	1		
4999	σκέπασμα	1		
5000	βλαβερός	1		
5001	φιλαργυρία	1		
5002	περιπείρω	1		
5003	πραϋπάθια	1		
5004	ἀπρόσιτος	1		
5005	ὑψηλοφρονέω	1		
5006	ἀδηλότης	1		
5007	ἀγαθοεργέω	1		
5008	εὐμετάδοτος	1		
5009	κοινωνικός	1		
5010	ἀποθησαυρίζω	1		
5011	ἀντίθεσις	1		
5012	ψευδώνυμος	1		
5013	μάμμη	1		
5014	Λωΐς	1		
5015	Εὐνίκη	1		
5016	ἀναζωπυρέω	1		
5017	δειλία	1		
5018	σωφρονισμός	1		
5019	Φύγελος	1		
5020	Ἑρμογένης	1		
5021	ἀναψύχω	1		
5022	βέλτιον	1		
5023	πραγματεία	1		
5024	στρατολογέω	1		
5025	λογομαχέω	1		
5026	χρήσιμον	1		
5027	ἀνεπαίσχυντος	1		
5028	ὀρθοτομέω	1		
5029	γάγγραινα	1		
5030	Φίλητος	1		
5031	χρύσεος	1		
5032	νεωτερικός	1		
5033	ἀπαίδευτος	1		
5034	ἀνεξίκακος	1		
5035	ἀντιδιατίθεμαι	1		
5036	ἀνανήφω	1		
5037	φίλαυτος	1		
5038	ἄσπονδος	1		
5039	ἀκρατής	1		
5040	ἀνήμερος	1		
5041	ἀφιλάγαθος	1		
5042	φιλήδονος	1		
5043	φιλόθεος	1		
5044	ἀποτρέπομαι	1		
5045	ἐνδύνω	1		
5046	γυναικάριον	1		
5047	μηδέποτε	1		
5048	Ἰάννης	1		
5049	Ἰαμβρῆς	1		
5050	καταφθείρω	1		
5051	ἔκδηλος	1		
5052	ἀγωγή	1		
5053	γόης	1		
5054	πιστόομαι	1		
5055	θεόπνευστος	1		
5056	ἐλεγμός	1		
5057	ἐπανόρθωσις	1		
5058	ἄρτιος	1		
5059	ἀκαίρως	1		
5060	ἐπισωρεύω	1		
5061	κνήθομαι	1		
5062	ἀνάλυσις	1		
5063	Κρήσκης	1		
5064	Δαλματία	1		
5065	φαιλόνης	1		
5066	Κάρπος	1		
5067	μεμβράνα	1		
5068	χαλκεύς	1		
5069	Εὔβουλος	1		
5070	Πούδης	1		
5071	Λίνος	1		
5072	Κλαυδία	1		
5073	ἀψευδής	1		
5074	ἐπιδιορθόω	1		
5075	ὀργίλος	1		
5076	φιλάγαθος	1		
5077	ἐγκρατής	1		
5078	ματαιολόγος	1		
5079	φρεναπάτης	1		
5080	ἐπιστομίζω	1		
5081	Ἰουδαϊκός	1		
5082	βδελυκτός	1		
5083	πρεσβῦτις	1		
5084	κατάστημα	1		
5085	ἱεροπρεπής	1		
5086	καλοδιδάσκαλος	1		
5087	σωφρονίζω	1		
5088	φίλανδρος	1		
5089	φιλότεκνος	1		
5090	οἰκουργός	1		
5091	ἀφθορία	1		
5092	ἀκατάγνωστος	1		
5093	σωφρόνως	1		
5094	περιούσιος	1		
5095	περιφρονέω	1		
5096	στυγητός	1		
5097	φροντίζω	1		
5098	αἱρετικός	1		
5099	ἐκστρέφομαι	1		
5100	αὐτοκατάκριτος	1		
5101	Ἀρτεμᾶς	1		
5102	Νικόπολις	1		
5103	Ζηνᾶς	1		
5104	Φιλήμων	1		
5105	Ἀπφία	1		
5106	ἄχρηστος	1		
5107	ἑκούσιος	1		
5108	ἀποτίνω	1		
5109	προσοφείλω	1		
5110	ὀνίνημι	1		
5111	πολυμερῶς	1		
5112	πολυτρόπως	1		
5113	ἀπαύγασμα	1		
5114	χαρακτήρ	1		
5115	εὐθύτης	1		
5116	λειτουργικός	1		
5117	παραρρέω	1		
5118	συνεπιμαρτυρέω	1		
5119	θέλησις	1		
5120	πού	1		
5121	παραπλησίως	1		
5122	δήπου	1		
5123	θεράπων	1		
5124	δοκιμασία	1		
5125	παραπικραίνω	1		
5126	κῶλον	1		
5127	σαββατισμός	1		
5128	τομώτερος	1		
5129	διϊκνέομαι	1		
5130	ἁρμός	1		
5131	μυελός	1		
5132	κριτικός	1		
5133	ἀφανής	1		
5134	τραχηλίζομαι	1		
5135	μετριοπαθέω	1		
5136	καθώσπερ	1		
5137	ἱκετηρία	1		
5138	προσαγορεύω	1		
5139	δυσερμήνευτος	1		
5140	ἄπειρος	1		
5141	ἕξις	1		
5142	αἰσθητήριον	1		
5143	παραπίπτω	1		
5144	ἀνακαινίζω	1		
5145	ἀνασταυρόω	1		
5146	παραδειγματίζω	1		
5147	βοτάνη	1		
5148	γεωργέω	1		
5149	καῦσις	1		
5150	μεσιτεύω	1		
5151	πρόδρομος	1		
5152	κοπή	1		
5153	ἀπάτωρ	1		
5154	ἀμήτωρ	1		
5155	ἀγενεαλόγητος	1		
5156	ἀφομοιόω	1		
5157	ἀκροθίνιον	1		
5158	γενεαλογέομαι	1		
5159	ἔπος	1		
5160	Λευιτικός	1		
5161	κατάδηλος	1		
5162	ἀκατάλυτος	1		
5163	ἐπεισαγωγή	1		
5164	ἔγγυος	1		
5165	ἀπαράβατος	1		
5166	πήγνυμι	1		
5167	ἀφανισμός	1		
5168	θυμιατήριον	1		
5169	στάμνος	1		
5170	Χερούβ	1		
5171	κατασκιάζω	1		
5172	ἀγνόημα	1		
5173	διόρθωσις	1		
5174	δάμαλις	1		
5175	καθαρότης	1		
5176	αἱματεκχυσία	1		
5177	κεφαλίς	1		
5178	ἀνώτερος	1		
5179	πρόσφατος	1		
5180	ἀκλινής	1		
5181	ἐκδοχή	1		
5182	τιμωρία	1		
5183	ἐνυβρίζω	1		
5184	ἄθλησις	1		
5185	θεατρίζω	1		
5186	ὑποστολή	1		
5187	ἔλεγχος	1		
5188	μισθαποδότης	1		
5189	μηδέπω	1		
5190	εὐλαβέομαι	1		
5191	δημιουργός	1		
5192	ἀναρίθμητος	1		
5193	ἐκβαίνω	1		
5194	τρίμηνον	1		
5195	διάταγμα	1		
5196	συγκακουχέομαι	1		
5197	ἀποβλέπω	1		
5198	καρτερέω	1		
5199	πρόσχυσις	1		
5200	ὀλοθρεύω	1		
5201	ἐρυθρός	1		
5202	συναπόλλυμαι	1		
5203	κατάσκοπος	1		
5204	ἐπιλείπω	1		
5205	Γεδεών	1		
5206	Βαράκ	1		
5207	Σαμψών	1		
5208	Ἰεφθάε	1		
5209	καταγωνίζομαι	1		
5210	τυμπανίζω	1		
5211	ἐμπαιγμός	1		
5212	πρίζω	1		
5213	μηλωτή	1		
5214	αἴγειος	1		
5215	δέρμα	1		
5216	προβλέπομαι	1		
5217	νέφος	1		
5218	ὄγκος	1		
5219	εὐπερίστατος	1		
5220	τελειωτής	1		
5221	ἀναλογίζομαι	1		
5222	ἀντικαθίστημι	1		
5223	ἀνταγωνίζομαι	1		
5224	ἐκλανθάνω	1		
5225	ὀλιγωρέω	1		
5226	νόθος	1		
5227	παρίημι	1		
5228	τροχιά	1		
5229	πρωτοτόκια	1		
5230	μετέπειτα	1		
5231	γνόφος	1		
5232	θύελλα	1		
5233	φαντάζομαι	1		
5234	πανήγυρις	1		
5235	εὐαρέστως	1		
5236	δέος	1		
5237	καταναλίσκω	1		
5238	συνδέομαι	1		
5239	βοηθός	1		
5240	αἴνεσις	1		
5241	εὐποιΐα	1		
5242	ὑπείκω	1		
5243	ἀλυσιτελής	1		
5244	ἁπλῶς	1		
5245	ἀνεμίζομαι	1		
5246	ῥιπίζομαι	1		
5247	εὐπρέπεια	1		
5248	μαραίνομαι	1		
5249	ἀπείραστος	1		
5250	ἐξέλκω	1		
5251	παραλλαγή	1		
5252	τροπή	1		
5253	ἀποσκίασμα	1		
5254	ῥυπαρία	1		
5255	ἔμφυτος	1		
5256	ἐπιλησμονή	1		
5257	ποίησις	1		
5258	θρησκός	1		
5259	χρυσοδακτύλιος	1		
5260	προσωπολημπτέω	1		
5261	ἀνέλεος	1		
5262	ἐφήμερος	1		
5263	ἐπιτήδειος	1		
5264	φρίσσω	1		
5265	αὐχέω	1		
5266	ὕλη	1		
5267	τροχός	1		
5268	ἐνάλιον	1		
5269	θανατηφόρος	1		
5270	ὁμοίωσις	1		
5271	χρή	1		
5272	βρύω	1		
5273	ἁλυκός	1		
5274	ἐπιστήμων	1		
5275	δαιμονιώδης	1		
5276	εὐπειθής	1		
5277	ἀδιάκριτος	1		
5278	φιλία	1		
5279	κενῶς	1		
5280	κατοικίζω	1		
5281	ταλαιπωρέω	1		
5282	γέλως	1		
5283	μετατρέπω	1		
5284	κατήφεια	1		
5285	νομοθέτης	1		
5286	ὀλολύζω	1		
5287	σήπω	1		
5288	σητόβρωτος	1		
5289	κατιόομαι	1		
5290	ἀμάω	1		
5291	ἀφυστερέω	1		
5292	βοή	1		
5293	τρυφάω	1		
5294	πρόϊμος	1		
5295	ὄψιμος	1		
5296	κακοπαθία	1		
5297	Ἰώβ	1		
5298	πολύσπλαγχνος	1		
5299	ἀμάραντος	1		
5300	ἀνεκλάλητος	1		
5301	ἐξεραυνάω	1		
5302	προμαρτύρομαι	1		
5303	ἀναζώννυμι	1		
5304	τελείως	1		
5305	ἀπροσωπολήμπτως	1		
5306	πατροπαράδοτος	1		
5307	σπορά	1		
5308	ἀρτιγέννητος	1		
5309	ἄδολος	1		
5310	βασίλειος	1		
5311	ἀγαθοποιός	1		
5312	ἐπικάλυμμα	1		
5313	ἀδίκως	1		
5314	κλέος	1		
5315	ὑπολιμπάνω	1		
5316	ὑπογραμμός	1		
5317	ἀντιλοιδορέω	1		
5318	ἀπογίνομαι	1		
5319	μώλωψ	1		
5320	ἐμπλοκή	1		
5321	περίθεσις	1		
5322	ἔνδυσις	1		
5323	πτόησις	1		
5324	συνοικέω	1		
5325	γυναικεῖος	1		
5326	ἀπονέμω	1		
5327	ὁμόφρων	1		
5328	συμπαθής	1		
5329	φιλάδελφος	1		
5330	ταπεινόφρων	1		
5331	ῥύπος	1		
5332	ἐπερώτημα	1		
5333	ὁπλίζομαι	1		
5334	ἐπίλοιπος	1		
5335	βιόω	1		
5336	οἰνοφλυγία	1		
5337	πότος	1		
5338	ἀνάχυσις	1		
5339	ἐκτενής	1		
5340	ἀλλοτριεπίσκοπος	1		
5341	κτίστης	1		
5342	ἀγαθοποιΐα	1		
5343	συμπρεσβύτερος	1		
5344	ἀναγκαστῶς	1		
5345	αἰσχροκερδῶς	1		
5346	προθύμως	1		
5347	ἀρχιποίμην	1		
5348	ἀμαράντινος	1		
5349	ἐγκομβόομαι	1		
5350	κραταιός	1		
5351	ὠρύομαι	1		
5352	σθενόω	1		
5353	ἐπιμαρτυρέω	1		
5354	συνεκλεκτός	1		
5355	ἰσότιμος	1		
5356	μέγιστος	1		
5357	παρεισφέρω	1		
5358	μυωπάζω	1		
5359	λήθη	1		
5360	ἑκάστοτε	1		
5361	μνήμη	1		
5362	ἐπόπτης	1		
5363	τοιόσδε	1		
5364	μεγαλοπρεπής	1		
5365	προφητικός	1		
5366	αὐχμηρός	1		
5367	διαυγάζω	1		
5368	φωσφόρος	1		
5369	ἐπίλυσις	1		
5370	ψευδοδιδάσκαλος	1		
5371	παρεισάγω	1		
5372	πλαστός	1		
5373	ἀργέω	1		
5374	σειρά	1		
5375	ταρταρόω	1		
5376	τεφρόω	1		
5377	βλέμμα	1		
5378	ἐγκατοικέω	1		
5379	μιασμός	1		
5380	τολμητής	1		
5381	μείζων	1		
5382	ἅλωσις	1		
5383	μῶμος	1		
5384	ἐντρυφάω	1		
5385	ἀκατάπαυστος	1		
5386	Βοσόρ	1		
5387	ἔλεγξις	1		
5388	παρανομία	1		
5389	παραφρονία	1		
5390	ὁμίχλη	1		
5391	ὀλίγως	1		
5392	μίασμα	1		
5393	ἐξέραμα	1		
5394	ὗς	1		
5395	κυλισμός	1		
5396	βόρβορος	1		
5397	ἐμπαιγμονή	1		
5398	κατακλύζω	1		
5399	βραδύτης	1		
5400	ῥοιζηδόν	1		
5401	τήκομαι	1		
5402	ἀμώμητος	1		
5403	δυσνόητος	1		
5404	ἀμαθής	1		
5405	στρεβλόω	1		
5406	στηριγμός	1		
5407	νίκη	1		
5408	χάρτης	1		
5409	μειζότερος	1		
5410	φιλοπρωτεύω	1		
5411	Διοτρέφης	1		
5412	φλυαρέω	1		
5413	ἐπαγωνίζομαι	1		
5414	παρεισδύω	1		
5415	ἐκπορνεύω	1		
5416	δεῖγμα	1		
5417	ὑπέχω	1		
5418	φυσικῶς	1		
5419	Κόρε	1		
5420	σπιλάς	1		
5421	φθινοπωρινός	1		
5422	ἐπαφρίζω	1		
5423	πλανήτης	1		
5424	ἀσεβέω	1		
5425	γογγυστής	1		
5426	μεμψίμοιρος	1		
5427	ἀποδιορίζω	1		
5428	ἄπταιστος	1		
5429	Πάτμος	1		
5430	ποδήρης	1		
5431	Ἀντιπᾶς	1		
5432	Βαλάκ	1		
5433	Ἰεζάβελ	1		
5434	νεφρός	1		
5435	κεραμικός	1		
5436	χλιαρός	1		
5437	ἐμέω	1		
5438	κολλούριον	1		
5439	ἐγχρίω	1		
5440	ζηλεύω	1		
5441	σμαράγδινος	1		
5442	κατασφραγίζω	1		
5443	τόξον	1		
5444	κριθή	1		
5445	τρίχινος	1		
5446	ὄλυνθος	1		
5447	Ῥουβήν	1		
5448	Γάδ	1		
5449	Ἰσσαχάρ	1		
5450	ἡμιώριον	1		
5451	Ἄψινθος	1		
5452	ἄψινθος	1		
5453	πλήσσω	1		
5454	Ἀβαδδών	1		
5455	Ἑλληνικός	1		
5456	Ἀπολλύων	1		
5457	ἱππικόν	1		
5458	δισμυριάς	1		
5459	πύρινος	1		
5460	ὑακίνθινος	1		
5461	θειώδης	1		
5462	χαλκοῦς	1		
5463	φάρμακον	1		
5464	κλέμμα	1		
5465	μυκάομαι	1		
5466	κατήγωρ	1		
5467	ποταμοφόρητος	1		
5468	πάρδαλις	1		
5469	ἄρκος	1		
5470	ἄκρατος	1		
5471	βότρυς	1		
5472	ἀκμάζω	1		
5473	μασάομαι	1		
5474	βάτραχος	1		
5475	Ἁρμαγεδών	1		
5476	ταλαντιαῖος	1		
5477	στρῆνος	1		
5478	διπλόω	1		
5479	σιρικός	1		
5480	θύϊνος	1		
5481	ἐλεφάντινος	1		
5482	σίδηρος	1		
5483	μάρμαρος	1		
5484	κιννάμωμον	1		
5485	ἄμωμον	1		
5486	σεμίδαλις	1		
5487	ῥεδή	1		
5488	ὀπώρα	1		
5489	λιπαρός	1		
5490	τιμιότης	1		
5491	μύλινος	1		
5492	ὅρμημα	1		
5493	μουσικός	1		
5494	σαλπιστής	1		
5495	μηρός	1		
5496	πελεκίζω	1		
5497	Γώγ	1		
5498	Μαγώγ	1		
5499	κυκλεύω	1		
5500	φαρμακός	1		
5501	κρυσταλλίζω	1		
5502	τετράγωνος	1		
5503	ἐνδώμησις	1		
5504	σάπφιρος	1		
5505	χαλκηδών	1		
5506	σμάραγδος	1		
5507	σαρδόνυξ	1		
5508	χρυσόλιθος	1		
5509	βήρυλλος	1		
5510	τοπάζιον	1		
5511	χρυσόπρασος	1		
5512	ὑάκινθος	1		
5513	δωδέκατος	1		
5514	ἀμέθυστος	1		
5515	διαυγής	1		
5516	κατάθεμα	1		
5517	ῥυπαρεύω	1		
5518	φάρμακος	1		